estimator,flight,Q_true,Q_est,Q_err,soc_rmse_flight,ah_throughput
MMAE,1,4.95004,4.982,0.0319563,0.00465682,7.90273
MMAE,2,4.90434,4.98487,0.0805275,0.000523564,15.506
MMAE,3,4.87365,4.98487,0.111219,0.00199576,23.0697
MMAE,4,4.84828,4.9847,0.136422,0.00271957,30.6549
MMAE,5,4.82621,4.98435,0.158142,0.00378882,38.1496
MMAE,6,4.80627,4.98373,0.177453,0.00435501,45.6697
MMAE,7,4.78792,4.98304,0.195126,0.0053017,53.1846
MMAE,8,4.77063,4.98074,0.210106,0.00637788,60.7785
MMAE,9,4.75429,4.97307,0.218778,0.00631855,68.3705
MMAE,10,4.7389,4.96148,0.222575,0.00656499,75.894
MMAE,11,4.7242,4.94044,0.216234,0.00698486,83.4926
MMAE,12,4.71019,4.86147,0.151275,0.00666676,91.0033
MMAE,13,4.69676,4.64368,-0.0530776,0.00661912,98.5172
MMAE,14,4.68371,4.5122,-0.17151,0.0161063,106.105
MMAE,15,4.67106,4.51119,-0.159874,0.0168723,113.663
MMAE,16,4.65885,4.51068,-0.148166,0.0166037,121.223
MMAE,17,4.64698,4.50979,-0.137192,0.0158814,128.773
MMAE,18,4.63541,4.51208,-0.123326,0.015145,136.344
MMAE,19,4.62426,4.50913,-0.115124,0.0150181,143.811
MMAE,20,4.61327,4.51763,-0.0956452,0.0138517,151.403
MMAE,21,4.60251,4.51525,-0.0872683,0.0136799,158.975
MMAE,22,4.59198,4.51584,-0.0761369,0.0134544,166.553
MMAE,23,4.58173,4.51188,-0.0698442,0.0129177,174.057
MMAE,24,4.57167,4.515,-0.0566694,0.0119153,181.614
MMAE,25,4.56173,4.52152,-0.0402092,0.0118559,189.225
MMAE,26,4.55203,4.51728,-0.0347432,0.0114151,196.723
MMAE,27,4.54253,4.51821,-0.0243185,0.0106791,204.251
MMAE,28,4.53314,4.5172,-0.0159429,0.0107833,211.803
MMAE,29,4.5239,4.5282,0.00429771,0.00957533,219.361
MMAE,30,4.51476,4.54408,0.0293238,0.00999042,226.967
MMAE,31,4.50582,4.52043,0.0146032,0.00912832,234.495
MMAE,32,4.49706,4.51545,0.0183898,0.00888308,241.991
MMAE,33,4.48836,4.55144,0.0630835,0.00836597,249.556
MMAE,34,4.47968,4.53594,0.0562542,0.00814083,257.186
MMAE,35,4.47118,4.53677,0.0655873,0.00786938,264.745
MMAE,36,4.46283,4.53291,0.0700769,0.00680926,272.267
MMAE,37,4.45471,4.5394,0.0846959,0.00725127,279.697
MMAE,38,4.44663,4.58221,0.135575,0.0064617,287.232
MMAE,39,4.4386,4.54744,0.108832,0.00586907,294.752
MMAE,40,4.43059,4.63536,0.204768,0.00573997,302.375
MMAE,41,4.42264,4.57594,0.153298,0.00546274,309.955
MMAE,42,4.41481,4.70982,0.295013,0.00681765,317.547
MMAE,43,4.40711,4.60038,0.193274,0.00513259,325.076
MMAE,44,4.39944,4.76259,0.363146,0.00738024,332.682
MMAE,45,4.39187,4.56994,0.178068,0.004846,340.245
MMAE,46,4.38438,4.56521,0.180827,0.00495487,347.822
MMAE,47,4.37699,4.65932,0.282333,0.00584863,355.362
MMAE,48,4.3697,4.63584,0.266136,0.00554318,362.894
MMAE,49,4.36242,4.68686,0.324437,0.00706713,370.466
MMAE,50,4.35521,4.62369,0.268482,0.00646462,378.043
MMAE,51,4.34807,4.76451,0.416434,0.009982,385.597
MMAE,52,4.34102,4.7633,0.422275,0.0104699,393.119
MMAE,53,4.33403,4.73008,0.39605,0.00974388,400.657
MMAE,54,4.32708,4.79544,0.468356,0.0117711,408.226
MMAE,55,4.32022,4.78653,0.466316,0.0123739,415.73
MMAE,56,4.31335,4.78888,0.475533,0.0129148,423.334
MMAE,57,4.30655,4.79915,0.492606,0.0144743,430.891
MMAE,58,4.29982,4.74448,0.444662,0.014727,438.438
MMAE,59,4.2932,4.70902,0.415819,0.014833,445.926
MMAE,60,4.2866,4.72264,0.436035,0.0165044,453.452
MMAE,61,4.28,4.75652,0.476519,0.0183342,461.061
MMAE,62,4.27341,4.7487,0.475296,0.0183566,468.679
MMAE,63,4.26693,4.76628,0.499352,0.020461,476.203
MMAE,64,4.26046,4.73098,0.470513,0.0208397,483.814
MMAE,65,4.25405,4.77628,0.522233,0.0212707,491.367
MMAE,66,4.24764,4.74478,0.497139,0.0217156,498.994
MMAE,67,4.24132,4.76505,0.523731,0.022787,506.531
MMAE,68,4.23505,4.73471,0.499657,0.0232186,514.086
MMAE,69,4.2288,4.69736,0.468559,0.0243191,521.686
MMAE,70,4.22256,4.67505,0.452488,0.0250783,529.311
MMAE,71,4.21638,4.71844,0.502056,0.0247403,536.899
MMAE,72,4.21027,4.72703,0.516763,0.0249183,544.458
MMAE,73,4.20417,4.6624,0.45823,0.0242032,552.044
MMAE,74,4.19812,4.68901,0.490893,0.0231424,559.592
MMAE,75,4.19212,4.64833,0.456213,0.0243383,567.156
MMAE,76,4.18613,4.69913,0.513001,0.023199,574.751
MMAE,77,4.18021,4.66478,0.484574,0.0226789,582.287
MMAE,78,4.17431,4.7196,0.545291,0.0221512,589.864
MMAE,79,4.16842,4.66399,0.495567,0.0223611,597.457
MMAE,80,4.16259,4.62832,0.465734,0.0219823,604.991
MMAE,81,4.15681,4.61344,0.456628,0.0212686,612.502
MMAE,82,4.15104,4.68055,0.529506,0.0210323,620.077
MMAE,83,4.14528,4.7041,0.558819,0.0202818,627.67
MMAE,84,4.1396,4.65687,0.517273,0.0205744,635.188
MMAE,85,4.13386,4.76944,0.635576,0.0196415,642.838
MMAE,86,4.12817,4.73427,0.606102,0.0201366,650.415
MMAE,87,4.12258,4.65863,0.536055,0.0206227,657.928
MMAE,88,4.11702,4.61055,0.493522,0.0197019,665.448
MMAE,89,4.11148,4.74135,0.629865,0.0193031,672.993
MMAE,90,4.106,4.62169,0.515691,0.019705,680.487
MMAE,91,4.10053,4.7513,0.650779,0.0189671,688.031
MMAE,92,4.09505,4.73038,0.635338,0.0172328,695.606
MMAE,93,4.08955,4.60905,0.519499,0.0176886,703.221
MMAE,94,4.08409,4.71384,0.629754,0.0181999,710.821
MMAE,95,4.07868,4.77297,0.694292,0.0168538,718.389
MMAE,96,4.07329,4.71229,0.638998,0.0161709,725.953
MMAE,97,4.06794,4.7396,0.671661,0.0166357,733.519
MMAE,98,4.06263,4.74315,0.680517,0.0171472,741.054
MMAE,99,4.05733,4.72859,0.671263,0.016124,748.645
MMAE,100,4.05204,4.71651,0.664464,0.0157471,756.196
MMAE,101,4.04673,4.73897,0.692239,0.0152299,763.837
MMAE,102,4.04147,4.70507,0.663602,0.0148837,771.385
MMAE,103,4.03626,4.70775,0.671489,0.0161217,778.937
MMAE,104,4.03107,4.7528,0.721726,0.0142976,786.509
MMAE,105,4.02592,4.72438,0.698465,0.0152892,794.034
MMAE,106,4.02081,4.72178,0.700971,0.0144161,801.549
MMAE,107,4.01573,4.74415,0.728423,0.0144437,809.064
MMAE,108,4.01061,4.72983,0.719223,0.0145512,816.654
MMAE,109,4.00552,4.77761,0.772093,0.0147832,824.208
MMAE,110,4.00048,4.81733,0.816847,0.0128761,831.731
MMAE,111,3.99543,4.72865,0.733221,0.0140298,839.317
MMAE,112,3.99042,4.7259,0.735482,0.0142561,846.862
MMAE,113,3.98546,4.74147,0.756008,0.0126321,854.362
MMAE,114,3.98049,4.75534,0.774857,0.0128817,861.918
MMAE,115,3.97552,4.70614,0.730621,0.0124842,869.488
MMAE,116,3.97057,4.74778,0.777213,0.0116786,877.057
MMAE,117,3.96564,4.71229,0.746647,0.0125035,884.607
MMAE,118,3.96074,4.71971,0.758974,0.0115816,892.151
MMAE,119,3.95588,4.71686,0.760985,0.0118313,899.667
MMAE,120,3.951,4.76887,0.817868,0.0107314,907.246
AdaptiveObserver,1,4.95004,4.99986,0.0498206,0.00186799,7.90273
AdaptiveObserver,2,4.90434,4.99975,0.0954087,0.00218339,15.506
AdaptiveObserver,3,4.87365,4.99973,0.126081,0.00219495,23.0697
AdaptiveObserver,4,4.84828,4.99954,0.15127,0.00208724,30.6549
AdaptiveObserver,5,4.82621,4.9992,0.17299,0.00173701,38.1496
AdaptiveObserver,6,4.80627,4.99874,0.192465,0.00167068,45.6697
AdaptiveObserver,7,4.78792,4.99832,0.210402,0.00134361,53.1846
AdaptiveObserver,8,4.77063,4.9978,0.22717,0.00114926,60.7785
AdaptiveObserver,9,4.75429,4.9972,0.242905,0.00111381,68.3705
AdaptiveObserver,10,4.7389,4.99662,0.257716,0.00119563,75.894
AdaptiveObserver,11,4.7242,4.99596,0.271757,0.00111625,83.4926
AdaptiveObserver,12,4.71019,4.99533,0.285133,0.00103902,91.0033
AdaptiveObserver,13,4.69676,4.99458,0.297824,0.000960092,98.5172
AdaptiveObserver,14,4.68371,4.99378,0.310068,0.00104908,106.105
AdaptiveObserver,15,4.67106,4.99293,0.321866,0.00106525,113.663
AdaptiveObserver,16,4.65885,4.99202,0.333178,0.00101028,121.223
AdaptiveObserver,17,4.64698,4.99111,0.34413,0.00100522,128.773
AdaptiveObserver,18,4.63541,4.99018,0.35477,0.00103219,136.344
AdaptiveObserver,19,4.62426,4.98914,0.364885,0.00105759,143.811
AdaptiveObserver,20,4.61327,4.98809,0.374819,0.00105569,151.403
AdaptiveObserver,21,4.60251,4.98703,0.384514,0.00108482,158.975
AdaptiveObserver,22,4.59198,4.98593,0.393953,0.00113334,166.553
AdaptiveObserver,23,4.58173,4.98474,0.403018,0.00108808,174.057
AdaptiveObserver,24,4.57167,4.98352,0.411852,0.00112098,181.614
AdaptiveObserver,25,4.56173,4.98234,0.420615,0.00120231,189.225
AdaptiveObserver,26,4.55203,4.98111,0.429087,0.00125704,196.723
AdaptiveObserver,27,4.54253,4.97977,0.43724,0.00130536,204.251
AdaptiveObserver,28,4.53314,4.97848,0.44534,0.00126052,211.803
AdaptiveObserver,29,4.5239,4.9772,0.453305,0.00133561,219.361
AdaptiveObserver,30,4.51476,4.97582,0.461059,0.00130395,226.967
AdaptiveObserver,31,4.50582,4.97447,0.468642,0.00131985,234.495
AdaptiveObserver,32,4.49706,4.97306,0.476002,0.00140257,241.991
AdaptiveObserver,33,4.48836,4.97156,0.483204,0.00151118,249.556
AdaptiveObserver,34,4.47968,4.97004,0.490357,0.00154968,257.186
AdaptiveObserver,35,4.47118,4.96855,0.497365,0.00155152,264.745
AdaptiveObserver,36,4.46283,4.96699,0.504157,0.00155726,272.267
AdaptiveObserver,37,4.45471,4.96543,0.510721,0.00167919,279.697
AdaptiveObserver,38,4.44663,4.96384,0.517206,0.00167677,287.232
AdaptiveObserver,39,4.4386,4.96225,0.523645,0.00173762,294.752
AdaptiveObserver,40,4.43059,4.9606,0.530008,0.00166473,302.375
AdaptiveObserver,41,4.42264,4.95886,0.536219,0.00179179,309.955
AdaptiveObserver,42,4.41481,4.95717,0.542362,0.00161292,317.547
AdaptiveObserver,43,4.40711,4.95551,0.548403,0.00180036,325.076
AdaptiveObserver,44,4.39944,4.95369,0.554243,0.00177456,332.682
AdaptiveObserver,45,4.39187,4.95195,0.560075,0.00183363,340.245
AdaptiveObserver,46,4.38438,4.95009,0.565711,0.00177091,347.822
AdaptiveObserver,47,4.37699,4.94823,0.571246,0.00174678,355.362
AdaptiveObserver,48,4.3697,4.94641,0.576708,0.00179457,362.894
AdaptiveObserver,49,4.36242,4.94454,0.582115,0.00195047,370.466
AdaptiveObserver,50,4.35521,4.94252,0.587309,0.00199626,378.043
AdaptiveObserver,51,4.34807,4.94052,0.592447,0.00206787,385.597
AdaptiveObserver,52,4.34102,4.93853,0.597509,0.00194641,393.119
AdaptiveObserver,53,4.33403,4.93657,0.602537,0.00198291,400.657
AdaptiveObserver,54,4.32708,4.93448,0.607395,0.00209255,408.226
AdaptiveObserver,55,4.32022,4.93246,0.612245,0.00207689,415.73
AdaptiveObserver,56,4.31335,4.9303,0.61695,0.00195217,423.334
AdaptiveObserver,57,4.30655,4.92816,0.621612,0.00204554,430.891
AdaptiveObserver,58,4.29982,4.92595,0.626126,0.00199506,438.438
AdaptiveObserver,59,4.2932,4.92375,0.630549,0.0021663,445.926
AdaptiveObserver,60,4.2866,4.92153,0.634928,0.00208465,453.452
AdaptiveObserver,61,4.28,4.91929,0.639286,0.0020741,461.061
AdaptiveObserver,62,4.27341,4.91696,0.643551,0.00203535,468.679
AdaptiveObserver,63,4.26693,4.91459,0.647658,0.00214371,476.203
AdaptiveObserver,64,4.26046,4.91221,0.651746,0.00213867,483.814
AdaptiveObserver,65,4.25405,4.90983,0.655781,0.00213375,491.367
AdaptiveObserver,66,4.24764,4.90728,0.659636,0.00219563,498.994
AdaptiveObserver,67,4.24132,4.90481,0.663489,0.00224169,506.531
AdaptiveObserver,68,4.23505,4.90229,0.667235,0.00226168,514.086
AdaptiveObserver,69,4.2288,4.89974,0.670938,0.00230243,521.686
AdaptiveObserver,70,4.22256,4.8971,0.674541,0.00224435,529.311
AdaptiveObserver,71,4.21638,4.89451,0.678125,0.00211362,536.899
AdaptiveObserver,72,4.21027,4.89184,0.681577,0.00228704,544.458
AdaptiveObserver,73,4.20417,4.88916,0.684998,0.00245648,552.044
AdaptiveObserver,74,4.19812,4.88651,0.688386,0.00226758,559.592
AdaptiveObserver,75,4.19212,4.88372,0.691602,0.00236624,567.156
AdaptiveObserver,76,4.18613,4.88091,0.694778,0.00234419,574.751
AdaptiveObserver,77,4.18021,4.87812,0.697907,0.00237484,582.287
AdaptiveObserver,78,4.17431,4.87523,0.700923,0.00243651,589.864
AdaptiveObserver,79,4.16842,4.87232,0.703899,0.00239054,597.457
AdaptiveObserver,80,4.16259,4.86941,0.706824,0.00237014,604.991
AdaptiveObserver,81,4.15681,4.86656,0.709741,0.00238544,612.502
AdaptiveObserver,82,4.15104,4.86355,0.712501,0.00225385,620.077
AdaptiveObserver,83,4.14528,4.86057,0.715297,0.00251648,627.67
AdaptiveObserver,84,4.1396,4.85764,0.718044,0.00236876,635.188
AdaptiveObserver,85,4.13386,4.85459,0.720728,0.00243346,642.838
AdaptiveObserver,86,4.12817,4.85152,0.723345,0.00239536,650.415
AdaptiveObserver,87,4.12258,4.84854,0.725964,0.00265658,657.928
AdaptiveObserver,88,4.11702,4.84542,0.728394,0.00265011,665.448
AdaptiveObserver,89,4.11148,4.84234,0.730853,0.00259588,672.993
AdaptiveObserver,90,4.106,4.83931,0.733307,0.00248463,680.487
AdaptiveObserver,91,4.10053,4.83612,0.735594,0.00263665,688.031
AdaptiveObserver,92,4.09505,4.833,0.737953,0.00273827,695.606
AdaptiveObserver,93,4.08955,4.82972,0.740169,0.00270501,703.221
AdaptiveObserver,94,4.08409,4.82648,0.742395,0.00255327,710.821
AdaptiveObserver,95,4.07868,4.82316,0.744487,0.00253084,718.389
AdaptiveObserver,96,4.07329,4.8199,0.746614,0.00274922,725.953
AdaptiveObserver,97,4.06794,4.81656,0.74862,0.00275102,733.519
AdaptiveObserver,98,4.06263,4.81323,0.750599,0.00271422,741.054
AdaptiveObserver,99,4.05733,4.80984,0.752513,0.00264004,748.645
AdaptiveObserver,100,4.05204,4.80644,0.754398,0.00262362,756.196
AdaptiveObserver,101,4.04673,4.80303,0.756303,0.00271139,763.837
AdaptiveObserver,102,4.04147,4.79958,0.758105,0.00277967,771.385
AdaptiveObserver,103,4.03626,4.79613,0.759864,0.00268827,778.937
AdaptiveObserver,104,4.03107,4.79262,0.761553,0.00256698,786.509
AdaptiveObserver,105,4.02592,4.78908,0.763168,0.00285193,794.034
AdaptiveObserver,106,4.02081,4.78561,0.764798,0.00275126,801.549
AdaptiveObserver,107,4.01573,4.78214,0.766408,0.00261226,809.064
AdaptiveObserver,108,4.01061,4.77856,0.76795,0.00252819,816.654
AdaptiveObserver,109,4.00552,4.77503,0.769509,0.00242017,824.208
AdaptiveObserver,110,4.00048,4.77158,0.771101,0.00234505,831.731
AdaptiveObserver,111,3.99543,4.768,0.772571,0.00224386,839.317
AdaptiveObserver,112,3.99042,4.76445,0.774035,0.00221765,846.862
AdaptiveObserver,113,3.98546,4.76092,0.775465,0.00214719,854.362
AdaptiveObserver,114,3.98049,4.75738,0.776896,0.00204945,861.918
AdaptiveObserver,115,3.97552,4.75385,0.778326,0.00200063,869.488
AdaptiveObserver,116,3.97057,4.75033,0.779768,0.0019575,877.057
AdaptiveObserver,117,3.96564,4.74672,0.781078,0.00188298,884.607
AdaptiveObserver,118,3.96074,4.74316,0.782426,0.001879,892.151
AdaptiveObserver,119,3.95588,4.73969,0.783812,0.00189405,899.667
AdaptiveObserver,120,3.951,4.7361,0.785097,0.00187423,907.246
JointEKF,1,4.95004,5.00274,0.052692,0.00134749,7.90273
JointEKF,2,4.90434,4.96052,0.0561821,0.00112535,15.506
JointEKF,3,4.87365,4.92878,0.0551312,0.00101263,23.0697
JointEKF,4,4.84828,4.89968,0.0514031,0.00102702,30.6549
JointEKF,5,4.82621,4.87369,0.0474849,0.00112037,38.1496
JointEKF,6,4.80627,4.85128,0.045011,0.000779363,45.6697
JointEKF,7,4.78792,4.83243,0.0445072,0.000967415,53.1846
JointEKF,8,4.77063,4.81564,0.0450122,0.00108822,60.7785
JointEKF,9,4.75429,4.79777,0.0434775,0.000885144,68.3705
JointEKF,10,4.7389,4.78374,0.0448423,0.000896041,75.894
JointEKF,11,4.7242,4.7677,0.0435004,0.000889549,83.4926
JointEKF,12,4.71019,4.75211,0.041912,0.000966221,91.0033
JointEKF,13,4.69676,4.73826,0.0415003,0.000590614,98.5172
JointEKF,14,4.68371,4.72345,0.0397407,0.00103274,106.105
JointEKF,15,4.67106,4.71186,0.0408023,0.0007439,113.663
JointEKF,16,4.65885,4.69882,0.0399746,0.000806251,121.223
JointEKF,17,4.64698,4.68656,0.0395826,0.000692592,128.773
JointEKF,18,4.63541,4.67436,0.0389491,0.000806676,136.344
JointEKF,19,4.62426,4.66372,0.0394599,0.000542826,143.811
JointEKF,20,4.61327,4.65276,0.0394841,0.000939365,151.403
JointEKF,21,4.60251,4.64023,0.0377169,0.000995178,158.975
JointEKF,22,4.59198,4.63085,0.0388714,0.000685823,166.553
JointEKF,23,4.58173,4.61842,0.0366951,0.000760412,174.057
JointEKF,24,4.57167,4.60661,0.0349374,0.000961679,181.614
JointEKF,25,4.56173,4.59866,0.0369288,0.000731523,189.225
JointEKF,26,4.55203,4.58786,0.0358381,0.000701016,196.723
JointEKF,27,4.54253,4.57897,0.0364409,0.000752889,204.251
JointEKF,28,4.53314,4.56902,0.0358775,0.000720112,211.803
JointEKF,29,4.5239,4.55749,0.0335894,0.000689749,219.361
JointEKF,30,4.51476,4.54757,0.0328086,0.000730604,226.967
JointEKF,31,4.50582,4.53964,0.0338197,0.000593886,234.495
JointEKF,32,4.49706,4.53276,0.035708,0.000634682,241.991
JointEKF,33,4.48836,4.52344,0.0350763,0.000622919,249.556
JointEKF,34,4.47968,4.51493,0.0352474,0.000571179,257.186
JointEKF,35,4.47118,4.49991,0.0287237,0.00064394,264.745
JointEKF,36,4.46283,4.49405,0.0312167,0.000557675,272.267
JointEKF,37,4.45471,4.48909,0.0343872,0.000697718,279.697
JointEKF,38,4.44663,4.4802,0.033569,0.000632517,287.232
JointEKF,39,4.4386,4.47163,0.0330286,0.000475549,294.752
JointEKF,40,4.43059,4.46044,0.0298533,0.000668432,302.375
JointEKF,41,4.42264,4.44929,0.0266448,0.000589439,309.955
JointEKF,42,4.41481,4.44109,0.0262753,0.000740516,317.547
JointEKF,43,4.40711,4.43371,0.0266068,0.000645078,325.076
JointEKF,44,4.39944,4.43011,0.0306687,0.000583875,332.682
JointEKF,45,4.39187,4.42095,0.0290804,0.000835298,340.245
JointEKF,46,4.38438,4.40873,0.0243461,0.000797251,347.822
JointEKF,47,4.37699,4.40086,0.0238761,0.000912761,355.362
JointEKF,48,4.3697,4.39024,0.0205419,0.00106846,362.894
JointEKF,49,4.36242,4.38715,0.0247307,0.0011378,370.466
JointEKF,50,4.35521,4.38119,0.0259838,0.000854594,378.043
JointEKF,51,4.34807,4.37207,0.0239963,0.000781222,385.597
JointEKF,52,4.34102,4.36407,0.0230468,0.00100364,393.119
JointEKF,53,4.33403,4.35675,0.0227148,0.000807913,400.657
JointEKF,54,4.32708,4.35183,0.0247479,0.00098733,408.226
JointEKF,55,4.32022,4.34323,0.0230171,0.000993151,415.73
JointEKF,56,4.31335,4.33614,0.0227883,0.000993234,423.334
JointEKF,57,4.30655,4.32598,0.0194307,0.00129402,430.891
JointEKF,58,4.29982,4.31987,0.0200506,0.00136891,438.438
JointEKF,59,4.2932,4.31357,0.0203772,0.00100368,445.926
JointEKF,60,4.2866,4.31002,0.0234203,0.000999715,453.452
JointEKF,61,4.28,4.30067,0.0206683,0.000984548,461.061
JointEKF,62,4.27341,4.29372,0.020314,0.00112254,468.679
JointEKF,63,4.26693,4.28685,0.0199252,0.00153482,476.203
JointEKF,64,4.26046,4.28359,0.0231316,0.000981074,483.814
JointEKF,65,4.25405,4.27452,0.0204695,0.00122653,491.367
JointEKF,66,4.24764,4.27096,0.0233136,0.00138483,498.994
JointEKF,67,4.24132,4.26156,0.0202426,0.00129847,506.531
JointEKF,68,4.23505,4.25643,0.0213755,0.00152522,514.086
JointEKF,69,4.2288,4.24749,0.0186831,0.00117815,521.686
JointEKF,70,4.22256,4.24299,0.0204243,0.00123119,529.311
JointEKF,71,4.21638,4.23655,0.0201702,0.00193062,536.899
JointEKF,72,4.21027,4.23044,0.020174,0.00145428,544.458
JointEKF,73,4.20417,4.22487,0.0207002,0.00136568,552.044
JointEKF,74,4.19812,4.21823,0.0201083,0.00137692,559.592
JointEKF,75,4.19212,4.21205,0.0199316,0.00118848,567.156
JointEKF,76,4.18613,4.20401,0.0178855,0.00158863,574.751
JointEKF,77,4.18021,4.19863,0.0184236,0.00156943,582.287
JointEKF,78,4.17431,4.19318,0.0188761,0.00161653,589.864
JointEKF,79,4.16842,4.18717,0.018743,0.00139299,597.457
JointEKF,80,4.16259,4.18136,0.0187761,0.00127003,604.991
JointEKF,81,4.15681,4.17608,0.0192665,0.00131412,612.502
JointEKF,82,4.15104,4.16978,0.0187343,0.00138089,620.077
JointEKF,83,4.14528,4.1645,0.0192218,0.0012333,627.67
JointEKF,84,4.1396,4.15942,0.0198262,0.0017354,635.188
JointEKF,85,4.13386,4.15513,0.0212726,0.00140548,642.838
JointEKF,86,4.12817,4.14798,0.0198043,0.00146645,650.415
JointEKF,87,4.12258,4.14274,0.0201665,0.00146294,657.928
JointEKF,88,4.11702,4.13758,0.0205593,0.0012693,665.448
JointEKF,89,4.11148,4.13081,0.019326,0.00189014,672.993
JointEKF,90,4.106,4.12482,0.0188207,0.00142987,680.487
JointEKF,91,4.10053,4.12057,0.0200481,0.00130388,688.031
JointEKF,92,4.09505,4.11477,0.0197243,0.00130416,695.606
JointEKF,93,4.08955,4.11049,0.0209426,0.00144212,703.221
JointEKF,94,4.08409,4.10471,0.0206266,0.00140731,710.821
JointEKF,95,4.07868,4.09836,0.0196835,0.00135975,718.389
JointEKF,96,4.07329,4.09365,0.0203646,0.00149672,725.953
JointEKF,97,4.06794,4.08811,0.0201744,0.00147954,733.519
JointEKF,98,4.06263,4.08335,0.0207189,0.0013844,741.054
JointEKF,99,4.05733,4.07724,0.0199172,0.0012505,748.645
JointEKF,100,4.05204,4.07147,0.0194251,0.00145885,756.196
JointEKF,101,4.04673,4.06794,0.0212136,0.0015566,763.837
JointEKF,102,4.04147,4.06221,0.0207367,0.00152977,771.385
JointEKF,103,4.03626,4.05491,0.0186425,0.0015418,778.937
JointEKF,104,4.03107,4.05022,0.0191534,0.00136587,786.509
JointEKF,105,4.02592,4.04552,0.0196011,0.00134078,794.034
JointEKF,106,4.02081,4.04149,0.0206773,0.00144936,801.549
JointEKF,107,4.01573,4.03706,0.02133,0.00163622,809.064
JointEKF,108,4.01061,4.0325,0.0218947,0.00147419,816.654
JointEKF,109,4.00552,4.02672,0.0212013,0.00153162,824.208
JointEKF,110,4.00048,4.02078,0.0202983,0.00154712,831.731
JointEKF,111,3.99543,4.01449,0.0190523,0.00134147,839.317
JointEKF,112,3.99042,4.01056,0.0201393,0.00162659,846.862
JointEKF,113,3.98546,4.00325,0.0177942,0.00140939,854.362
JointEKF,114,3.98049,3.99956,0.0190753,0.00135486,861.918
JointEKF,115,3.97552,3.99595,0.0204255,0.00159702,869.488
JointEKF,116,3.97057,3.99111,0.0205463,0.00145632,877.057
JointEKF,117,3.96564,3.98584,0.0201957,0.00154901,884.607
JointEKF,118,3.96074,3.97919,0.0184504,0.0015946,892.151
JointEKF,119,3.95588,3.97481,0.0189276,0.00136715,899.667
JointEKF,120,3.951,3.9716,0.020599,0.00158122,907.246
JointUKF,1,4.95004,4.99063,0.0405838,0.00141905,7.90273
JointUKF,2,4.90434,4.96118,0.0568426,0.00124465,15.506
JointUKF,3,4.87365,4.93028,0.056626,0.00112633,23.0697
JointUKF,4,4.84828,4.90084,0.0525694,0.00101726,30.6549
JointUKF,5,4.82621,4.87715,0.0509421,0.00123497,38.1496
JointUKF,6,4.80627,4.85305,0.0467754,0.000870981,45.6697
JointUKF,7,4.78792,4.83541,0.0474893,0.00108645,53.1846
JointUKF,8,4.77063,4.81747,0.0468401,0.00114583,60.7785
JointUKF,9,4.75429,4.80001,0.0457155,0.000915723,68.3705
JointUKF,10,4.7389,4.7859,0.047003,0.000973057,75.894
JointUKF,11,4.7242,4.76994,0.0457376,0.00104464,83.4926
JointUKF,12,4.71019,4.75377,0.0435752,0.00103664,91.0033
JointUKF,13,4.69676,4.7404,0.0436432,0.000648515,98.5172
JointUKF,14,4.68371,4.72585,0.0421333,0.0010775,106.105
JointUKF,15,4.67106,4.71429,0.0432355,0.000894624,113.663
JointUKF,16,4.65885,4.70113,0.042282,0.000871998,121.223
JointUKF,17,4.64698,4.68968,0.0427021,0.000743455,128.773
JointUKF,18,4.63541,4.67758,0.0421646,0.000846017,136.344
JointUKF,19,4.62426,4.66671,0.0424574,0.000708771,143.811
JointUKF,20,4.61327,4.65624,0.042961,0.000937644,151.403
JointUKF,21,4.60251,4.64411,0.0415911,0.00102307,158.975
JointUKF,22,4.59198,4.63319,0.0412158,0.000797323,166.553
JointUKF,23,4.58173,4.62054,0.0388183,0.00078712,174.057
JointUKF,24,4.57167,4.61069,0.039019,0.000861366,181.614
JointUKF,25,4.56173,4.60173,0.0400061,0.000851538,189.225
JointUKF,26,4.55203,4.59103,0.0390085,0.00075181,196.723
JointUKF,27,4.54253,4.58229,0.039755,0.00086627,204.251
JointUKF,28,4.53314,4.57121,0.0380716,0.000785832,211.803
JointUKF,29,4.5239,4.56086,0.0369581,0.000751351,219.361
JointUKF,30,4.51476,4.54997,0.0352149,0.00082824,226.967
JointUKF,31,4.50582,4.54138,0.0355557,0.000644212,234.495
JointUKF,32,4.49706,4.53518,0.0381221,0.000713683,241.991
JointUKF,33,4.48836,4.526,0.0376378,0.000622057,249.556
JointUKF,34,4.47968,4.51617,0.0364848,0.000645425,257.186
JointUKF,35,4.47118,4.50625,0.0350682,0.000600391,264.745
JointUKF,36,4.46283,4.4965,0.0336663,0.000595102,272.267
JointUKF,37,4.45471,4.49117,0.036467,0.000743593,279.697
JointUKF,38,4.44663,4.48237,0.0357407,0.000704322,287.232
JointUKF,39,4.4386,4.47345,0.0348454,0.00047477,294.752
JointUKF,40,4.43059,4.46397,0.0333784,0.000565927,302.375
JointUKF,41,4.42264,4.45246,0.0298218,0.000515642,309.955
JointUKF,42,4.41481,4.444,0.0291896,0.000585871,317.547
JointUKF,43,4.40711,4.43617,0.0290643,0.000605941,325.076
JointUKF,44,4.39944,4.43275,0.0333092,0.000467731,332.682
JointUKF,45,4.39187,4.42167,0.0297964,0.00070622,340.245
JointUKF,46,4.38438,4.41243,0.0280449,0.000717666,347.822
JointUKF,47,4.37699,4.40347,0.0264821,0.000754083,355.362
JointUKF,48,4.3697,4.39878,0.0290831,0.00056179,362.894
JointUKF,49,4.36242,4.38971,0.0272874,0.00089229,370.466
JointUKF,50,4.35521,4.38311,0.0278985,0.000733319,378.043
JointUKF,51,4.34807,4.37455,0.0264781,0.000646565,385.597
JointUKF,52,4.34102,4.36663,0.0256065,0.000740758,393.119
JointUKF,53,4.33403,4.36241,0.0283748,0.000534744,400.657
JointUKF,54,4.32708,4.35429,0.0272111,0.00076902,408.226
JointUKF,55,4.32022,4.34646,0.0262398,0.000865747,415.73
JointUKF,56,4.31335,4.33868,0.0253291,0.000769745,423.334
JointUKF,57,4.30655,4.33249,0.0259441,0.000835888,430.891
JointUKF,58,4.29982,4.32316,0.023343,0.000979811,438.438
JointUKF,59,4.2932,4.31635,0.0231554,0.000861462,445.926
JointUKF,60,4.2866,4.31149,0.0248875,0.000790028,453.452
JointUKF,61,4.28,4.30389,0.0238902,0.000868634,461.061
JointUKF,62,4.27341,4.29542,0.0220114,0.000982496,468.679
JointUKF,63,4.26693,4.29102,0.0240878,0.00116348,476.203
JointUKF,64,4.26046,4.2874,0.026933,0.00077926,483.814
JointUKF,65,4.25405,4.27678,0.0227291,0.000998545,491.367
JointUKF,66,4.24764,4.27179,0.0241423,0.00121669,498.994
JointUKF,67,4.24132,4.26328,0.0219624,0.00112081,506.531
JointUKF,68,4.23505,4.2579,0.0228521,0.00123389,514.086
JointUKF,69,4.2288,4.2511,0.0222978,0.00105929,521.686
JointUKF,70,4.22256,4.24469,0.0221299,0.00108315,529.311
JointUKF,71,4.21638,4.2383,0.0219148,0.00158507,536.899
JointUKF,72,4.21027,4.2329,0.0226369,0.00123752,544.458
JointUKF,73,4.20417,4.22667,0.0225085,0.00115424,552.044
JointUKF,74,4.19812,4.21987,0.0217477,0.00119229,559.592
JointUKF,75,4.19212,4.21361,0.0214929,0.00106196,567.156
JointUKF,76,4.18613,4.20672,0.0205894,0.00145012,574.751
JointUKF,77,4.18021,4.20152,0.0213111,0.00132896,582.287
JointUKF,78,4.17431,4.19731,0.022998,0.00129283,589.864
JointUKF,79,4.16842,4.1892,0.0207776,0.00117384,597.457
JointUKF,80,4.16259,4.18382,0.0212344,0.00114068,604.991
JointUKF,81,4.15681,4.1784,0.0215863,0.00114327,612.502
JointUKF,82,4.15104,4.17304,0.0219984,0.00119764,620.077
JointUKF,83,4.14528,4.16641,0.0211293,0.00102533,627.67
JointUKF,84,4.1396,4.16049,0.0208904,0.00160588,635.188
JointUKF,85,4.13386,4.15689,0.023025,0.00117919,642.838
JointUKF,86,4.12817,4.1495,0.0213293,0.00130943,650.415
JointUKF,87,4.12258,4.14467,0.022091,0.00126744,657.928
JointUKF,88,4.11702,4.13988,0.0228531,0.00118912,665.448
JointUKF,89,4.11148,4.13317,0.0216834,0.00136138,672.993
JointUKF,90,4.106,4.12678,0.0207781,0.00122331,680.487
JointUKF,91,4.10053,4.1238,0.0232704,0.00125759,688.031
JointUKF,92,4.09505,4.11677,0.0217222,0.00117525,695.606
JointUKF,93,4.08955,4.11174,0.0221873,0.00117409,703.221
JointUKF,94,4.08409,4.1066,0.0225097,0.00132437,710.821
JointUKF,95,4.07868,4.10007,0.0213927,0.00131798,718.389
JointUKF,96,4.07329,4.09541,0.0221241,0.00140584,725.953
JointUKF,97,4.06794,4.08954,0.0216082,0.00132445,733.519
JointUKF,98,4.06263,4.08539,0.0227517,0.00128133,741.054
JointUKF,99,4.05733,4.07894,0.0216132,0.00112673,748.645
JointUKF,100,4.05204,4.07299,0.0209463,0.00132318,756.196
JointUKF,101,4.04673,4.06875,0.0220157,0.00139613,763.837
JointUKF,102,4.04147,4.06386,0.0223929,0.00118629,771.385
JointUKF,103,4.03626,4.05733,0.021067,0.00134368,778.937
JointUKF,104,4.03107,4.05225,0.0211753,0.00122646,786.509
JointUKF,105,4.02592,4.04748,0.0215644,0.0012567,794.034
JointUKF,106,4.02081,4.0427,0.0218874,0.00117081,801.549
JointUKF,107,4.01573,4.03828,0.0225509,0.00150782,809.064
JointUKF,108,4.01061,4.03379,0.0231762,0.00135867,816.654
JointUKF,109,4.00552,4.02835,0.0228327,0.0014111,824.208
JointUKF,110,4.00048,4.0221,0.0216217,0.00145174,831.731
JointUKF,111,3.99543,4.01663,0.0212,0.00110011,839.317
JointUKF,112,3.99042,4.01239,0.0219671,0.00148598,846.862
JointUKF,113,3.98546,4.0058,0.020343,0.00136191,854.362
JointUKF,114,3.98049,4.00121,0.0207235,0.00118717,861.918
JointUKF,115,3.97552,3.99725,0.0217339,0.00143625,869.488
JointUKF,116,3.97057,3.99269,0.0221255,0.00146904,877.057
JointUKF,117,3.96564,3.98681,0.0211666,0.00136692,884.607
JointUKF,118,3.96074,3.98133,0.0205934,0.00145041,892.151
JointUKF,119,3.95588,3.97646,0.0205794,0.00121014,899.667
JointUKF,120,3.951,3.97285,0.0218467,0.00139302,907.246
DualEKF,1,4.95004,5.02386,0.0738164,0.00152085,7.90273
DualEKF,2,4.90434,4.94048,0.0361392,0.00202475,15.506
DualEKF,3,4.87365,4.91663,0.0429758,0.00119159,23.0697
DualEKF,4,4.84828,4.88798,0.0397032,0.00121776,30.6549
DualEKF,5,4.82621,4.86319,0.0369811,0.00136937,38.1496
DualEKF,6,4.80627,4.84566,0.0393883,0.00186058,45.6697
DualEKF,7,4.78792,4.82945,0.0415356,0.00155231,53.1846
DualEKF,8,4.77063,4.81102,0.0403876,0.00187577,60.7785
DualEKF,9,4.75429,4.78654,0.0322508,0.00182848,68.3705
DualEKF,10,4.7389,4.76866,0.0297533,0.00164511,75.894
DualEKF,11,4.7242,4.7596,0.0353942,0.00153633,83.4926
DualEKF,12,4.71019,4.7442,0.0340061,0.00188969,91.0033
DualEKF,13,4.69676,4.72833,0.0315764,0.00148768,98.5172
DualEKF,14,4.68371,4.71489,0.0311809,0.00185896,106.105
DualEKF,15,4.67106,4.69869,0.027632,0.0015927,113.663
DualEKF,16,4.65885,4.68947,0.0306275,0.00193824,121.223
DualEKF,17,4.64698,4.67748,0.0304985,0.0019545,128.773
DualEKF,18,4.63541,4.6615,0.0260879,0.00221025,136.344
DualEKF,19,4.62426,4.65479,0.0305299,0.00203074,143.811
DualEKF,20,4.61327,4.6457,0.0324258,0.00198419,151.403
DualEKF,21,4.60251,4.63159,0.0290733,0.00201581,158.975
DualEKF,22,4.59198,4.62458,0.0326065,0.00206354,166.553
DualEKF,23,4.58173,4.61128,0.0295544,0.00251319,174.057
DualEKF,24,4.57167,4.60194,0.0302707,0.00243222,181.614
DualEKF,25,4.56173,4.58923,0.0275009,0.00228862,189.225
DualEKF,26,4.55203,4.57603,0.024003,0.00228649,196.723
DualEKF,27,4.54253,4.57221,0.0296744,0.00214605,204.251
DualEKF,28,4.53314,4.56341,0.0302673,0.0024278,211.803
DualEKF,29,4.5239,4.55143,0.0275263,0.00247146,219.361
DualEKF,30,4.51476,4.54003,0.0252707,0.00305957,226.967
DualEKF,31,4.50582,4.53042,0.0245955,0.00291912,234.495
DualEKF,32,4.49706,4.52426,0.0272083,0.00269607,241.991
DualEKF,33,4.48836,4.51451,0.0261455,0.00284377,249.556
DualEKF,34,4.47968,4.50705,0.0273669,0.00279143,257.186
DualEKF,35,4.47118,4.49404,0.0228548,0.00346833,264.745
DualEKF,36,4.46283,4.48454,0.021704,0.0025597,272.267
DualEKF,37,4.45471,4.47935,0.0246413,0.00281412,279.697
DualEKF,38,4.44663,4.4743,0.0276665,0.00255628,287.232
DualEKF,39,4.4386,4.46038,0.0217753,0.00262085,294.752
DualEKF,40,4.43059,4.45812,0.0275348,0.00320091,302.375
DualEKF,41,4.42264,4.44338,0.0207397,0.00359281,309.955
DualEKF,42,4.41481,4.43386,0.019052,0.00331942,317.547
DualEKF,43,4.40711,4.42541,0.0183052,0.00353347,325.076
DualEKF,44,4.39944,4.42439,0.0249482,0.00316898,332.682
DualEKF,45,4.39187,4.40987,0.0180017,0.00338998,340.245
DualEKF,46,4.38438,4.40243,0.0180435,0.00370305,347.822
DualEKF,47,4.37699,4.39378,0.0167949,0.00387061,355.362
DualEKF,48,4.3697,4.38928,0.0195805,0.00402926,362.894
DualEKF,49,4.36242,4.38326,0.0208379,0.00425565,370.466
DualEKF,50,4.35521,4.37861,0.0234014,0.00432039,378.043
DualEKF,51,4.34807,4.36985,0.021775,0.00418014,385.597
DualEKF,52,4.34102,4.35981,0.0187909,0.00403211,393.119
DualEKF,53,4.33403,4.35522,0.021191,0.00411079,400.657
DualEKF,54,4.32708,4.34543,0.0183452,0.00403283,408.226
DualEKF,55,4.32022,4.33579,0.0155735,0.00378978,415.73
DualEKF,56,4.31335,4.33052,0.0171686,0.00413951,423.334
DualEKF,57,4.30655,4.32455,0.0180026,0.00498102,430.891
DualEKF,58,4.29982,4.31742,0.017598,0.004775,438.438
DualEKF,59,4.2932,4.30825,0.0150517,0.00483246,445.926
DualEKF,60,4.2866,4.30463,0.0180282,0.00392925,453.452
DualEKF,61,4.28,4.30546,0.0254593,0.00495938,461.061
DualEKF,62,4.27341,4.29651,0.0231002,0.00496089,468.679
DualEKF,63,4.26693,4.28514,0.0182151,0.00538143,476.203
DualEKF,64,4.26046,4.28188,0.0214214,0.00451075,483.814
DualEKF,65,4.25405,4.27037,0.0163174,0.0050327,491.367
DualEKF,66,4.24764,4.27025,0.0226038,0.00524443,498.994
DualEKF,67,4.24132,4.26102,0.019695,0.00497194,506.531
DualEKF,68,4.23505,4.24931,0.0142614,0.00502387,514.086
DualEKF,69,4.2288,4.25223,0.0234279,0.00525673,521.686
DualEKF,70,4.22256,4.24676,0.0241978,0.00505461,529.311
DualEKF,71,4.21638,4.23764,0.0212623,0.00538004,536.899
DualEKF,72,4.21027,4.23376,0.0234906,0.00516091,544.458
DualEKF,73,4.20417,4.22779,0.0236238,0.00522959,552.044
DualEKF,74,4.19812,4.22007,0.0219444,0.00478946,559.592
DualEKF,75,4.19212,4.21369,0.0215763,0.00512503,567.156
DualEKF,76,4.18613,4.21024,0.0241108,0.00570289,574.751
DualEKF,77,4.18021,4.20331,0.0231023,0.00540068,582.287
DualEKF,78,4.17431,4.19832,0.0240083,0.00574473,589.864
DualEKF,79,4.16842,4.19554,0.0271182,0.00553616,597.457
DualEKF,80,4.16259,4.18527,0.0226839,0.00510545,604.991
DualEKF,81,4.15681,4.17333,0.01652,0.00517878,612.502
DualEKF,82,4.15104,4.16897,0.0179218,0.00548943,620.077
DualEKF,83,4.14528,4.16993,0.0246553,0.00550543,627.67
DualEKF,84,4.1396,4.16091,0.0213153,0.00532368,635.188
DualEKF,85,4.13386,4.15928,0.0254182,0.00506832,642.838
DualEKF,86,4.12817,4.15682,0.0286478,0.00572999,650.415
DualEKF,87,4.12258,4.14649,0.0239158,0.00506017,657.928
DualEKF,88,4.11702,4.1445,0.0274736,0.00582248,665.448
DualEKF,89,4.11148,4.13316,0.0216733,0.00519839,672.993
DualEKF,90,4.106,4.1342,0.0282002,0.00633439,680.487
DualEKF,91,4.10053,4.12524,0.0247193,0.00569394,688.031
DualEKF,92,4.09505,4.12296,0.0279158,0.00574952,695.606
DualEKF,93,4.08955,4.11929,0.0297407,0.00601296,703.221
DualEKF,94,4.08409,4.10742,0.0233369,0.00483206,710.821
DualEKF,95,4.07868,4.10742,0.0287444,0.00602277,718.389
DualEKF,96,4.07329,4.09925,0.0259613,0.00507624,725.953
DualEKF,97,4.06794,4.09254,0.0246037,0.0054156,733.519
DualEKF,98,4.06263,4.09192,0.0292905,0.00585656,741.054
DualEKF,99,4.05733,4.08544,0.028114,0.00592987,748.645
DualEKF,100,4.05204,4.07603,0.023987,0.00543024,756.196
DualEKF,101,4.04673,4.07528,0.028555,0.00571531,763.837
DualEKF,102,4.04147,4.06831,0.026837,0.00581132,771.385
DualEKF,103,4.03626,4.06415,0.0278916,0.00597159,778.937
DualEKF,104,4.03107,4.06106,0.0299847,0.00561902,786.509
DualEKF,105,4.02592,4.05772,0.0317999,0.00652333,794.034
DualEKF,106,4.02081,4.04957,0.0287601,0.00569597,801.549
DualEKF,107,4.01573,4.04635,0.0306219,0.00589384,809.064
DualEKF,108,4.01061,4.03899,0.0283787,0.00586675,816.654
DualEKF,109,4.00552,4.03702,0.0315013,0.00629418,824.208
DualEKF,110,4.00048,4.02404,0.0235536,0.00581529,831.731
DualEKF,111,3.99543,4.02711,0.0316777,0.00603026,839.317
DualEKF,112,3.99042,4.02055,0.0301317,0.00608691,846.862
DualEKF,113,3.98546,4.01538,0.029918,0.00607491,854.362
DualEKF,114,3.98049,4.00848,0.0279909,0.0059908,861.918
DualEKF,115,3.97552,4.00697,0.0314461,0.00646079,869.488
DualEKF,116,3.97057,4.0025,0.0319316,0.0061383,877.057
DualEKF,117,3.96564,3.99378,0.028138,0.00611122,884.607
DualEKF,118,3.96074,3.99006,0.0293233,0.00644334,892.151
DualEKF,119,3.95588,3.98614,0.0302566,0.00566043,899.667
DualEKF,120,3.951,3.98001,0.029005,0.00539211,907.246
DualUKF,1,4.95004,4.99957,0.0495276,0.00142816,7.90273
DualUKF,2,4.90434,4.98953,0.08519,0.00166347,15.506
DualUKF,3,4.87365,4.95602,0.0823667,0.0014826,23.0697
DualUKF,4,4.84828,4.92648,0.0782044,0.00118796,30.6549
DualUKF,5,4.82621,4.90033,0.074119,0.0010365,38.1496
DualUKF,6,4.80627,4.87607,0.0697969,0.000862537,45.6697
DualUKF,7,4.78792,4.85587,0.0679517,0.000912914,53.1846
DualUKF,8,4.77063,4.83562,0.0649872,0.000657632,60.7785
DualUKF,9,4.75429,4.81549,0.0611988,0.000737722,68.3705
DualUKF,10,4.7389,4.7965,0.0576024,0.000625077,75.894
DualUKF,11,4.7242,4.78042,0.0562197,0.000453975,83.4926
DualUKF,12,4.71019,4.76527,0.0550734,0.000485704,91.0033
DualUKF,13,4.69676,4.75011,0.0533569,0.000334486,98.5172
DualUKF,14,4.68371,4.73585,0.052132,0.000537281,106.105
DualUKF,15,4.67106,4.72109,0.0500305,0.000339653,113.663
DualUKF,16,4.65885,4.70727,0.0484272,0.000392841,121.223
DualUKF,17,4.64698,4.69531,0.0483273,0.000481408,128.773
DualUKF,18,4.63541,4.68246,0.0470469,0.00051678,136.344
DualUKF,19,4.62426,4.67046,0.0462008,0.000548707,143.811
DualUKF,20,4.61327,4.65991,0.0466364,0.000559542,151.403
DualUKF,21,4.60251,4.64883,0.0463145,0.000488958,158.975
DualUKF,22,4.59198,4.63925,0.0472751,0.00074416,166.553
DualUKF,23,4.58173,4.62808,0.0463544,0.000869592,174.057
DualUKF,24,4.57167,4.61733,0.0456579,0.000527857,181.614
DualUKF,25,4.56173,4.60698,0.0452535,0.000565904,189.225
DualUKF,26,4.55203,4.59476,0.04273,0.000424542,196.723
DualUKF,27,4.54253,4.5856,0.0430707,0.000650813,204.251
DualUKF,28,4.53314,4.5762,0.0430628,0.000926697,211.803
DualUKF,29,4.5239,4.56542,0.0415216,0.000768296,219.361
DualUKF,30,4.51476,4.55699,0.0422317,0.000845378,226.967
DualUKF,31,4.50582,4.54679,0.0409704,0.000935944,234.495
DualUKF,32,4.49706,4.53895,0.041895,0.000858372,241.991
DualUKF,33,4.48836,4.5285,0.0401365,0.000738012,249.556
DualUKF,34,4.47968,4.51951,0.0398248,0.000468075,257.186
DualUKF,35,4.47118,4.50769,0.0365102,0.000713598,264.745
DualUKF,36,4.46283,4.50144,0.0386095,0.00085482,272.267
DualUKF,37,4.45471,4.49434,0.0396292,0.0010301,279.697
DualUKF,38,4.44663,4.48715,0.0405173,0.000849787,287.232
DualUKF,39,4.4386,4.47668,0.0380735,0.000614861,294.752
DualUKF,40,4.43059,4.46842,0.037835,0.000989361,302.375
DualUKF,41,4.42264,4.46004,0.0373957,0.00106267,309.955
DualUKF,42,4.41481,4.45071,0.0359022,0.000889633,317.547
DualUKF,43,4.40711,4.44318,0.0360761,0.000883318,325.076
DualUKF,44,4.39944,4.43643,0.036983,0.00088922,332.682
DualUKF,45,4.39187,4.42626,0.0343887,0.0009172,340.245
DualUKF,46,4.38438,4.41878,0.0343964,0.00106195,347.822
DualUKF,47,4.37699,4.41159,0.0345983,0.0011883,355.362
DualUKF,48,4.3697,4.4044,0.0347016,0.00117963,362.894
DualUKF,49,4.36242,4.3957,0.0332755,0.00110665,370.466
DualUKF,50,4.35521,4.38833,0.0331154,0.00126836,378.043
DualUKF,51,4.34807,4.38041,0.0323318,0.00121198,385.597
DualUKF,52,4.34102,4.371,0.0299764,0.00094837,393.119
DualUKF,53,4.33403,4.36497,0.0309408,0.00113905,400.657
DualUKF,54,4.32708,4.35863,0.0315534,0.00111659,408.226
DualUKF,55,4.32022,4.35087,0.0306545,0.00131008,415.73
DualUKF,56,4.31335,4.34402,0.030674,0.00112548,423.334
DualUKF,57,4.30655,4.33641,0.0298578,0.00143295,430.891
DualUKF,58,4.29982,4.32879,0.0289724,0.00141631,438.438
DualUKF,59,4.2932,4.32181,0.0286167,0.00127044,445.926
DualUKF,60,4.2866,4.31466,0.028061,0.00109398,453.452
DualUKF,61,4.28,4.30974,0.0297332,0.00170575,461.061
DualUKF,62,4.27341,4.3027,0.0292907,0.00125377,468.679
DualUKF,63,4.26693,4.2952,0.02827,0.00137046,476.203
DualUKF,64,4.26046,4.28968,0.0292205,0.00139172,483.814
DualUKF,65,4.25405,4.28162,0.027568,0.00155279,491.367
DualUKF,66,4.24764,4.27282,0.025176,0.00149866,498.994
DualUKF,67,4.24132,4.26695,0.0256246,0.00177434,506.531
DualUKF,68,4.23505,4.26083,0.0257826,0.00162382,514.086
DualUKF,69,4.2288,4.25475,0.0259483,0.00135011,521.686
DualUKF,70,4.22256,4.24933,0.0267696,0.00168616,529.311
DualUKF,71,4.21638,4.24324,0.0268626,0.00172269,536.899
DualUKF,72,4.21027,4.23695,0.0266851,0.00173689,544.458
DualUKF,73,4.20417,4.23109,0.0269294,0.00156768,552.044
DualUKF,74,4.19812,4.22346,0.0253437,0.00130646,559.592
DualUKF,75,4.19212,4.21652,0.0244052,0.00158706,567.156
DualUKF,76,4.18613,4.2119,0.0257746,0.00181616,574.751
DualUKF,77,4.18021,4.20568,0.0254699,0.00171172,582.287
DualUKF,78,4.17431,4.20062,0.0263166,0.00178973,589.864
DualUKF,79,4.16842,4.19613,0.0277061,0.00216427,597.457
DualUKF,80,4.16259,4.18951,0.0269224,0.00143689,604.991
DualUKF,81,4.15681,4.18237,0.0255569,0.00170709,612.502
DualUKF,82,4.15104,4.17548,0.0244355,0.00155778,620.077
DualUKF,83,4.14528,4.17046,0.0251847,0.00195031,627.67
DualUKF,84,4.1396,4.16454,0.0249392,0.00173594,635.188
DualUKF,85,4.13386,4.15912,0.0252616,0.00168673,642.838
DualUKF,86,4.12817,4.154,0.0258246,0.00198151,650.415
DualUKF,87,4.12258,4.14772,0.0251459,0.0016738,657.928
DualUKF,88,4.11702,4.14253,0.0255018,0.00180254,665.448
DualUKF,89,4.11148,4.13605,0.0245659,0.00190436,672.993
DualUKF,90,4.106,4.13263,0.0266265,0.00196966,680.487
DualUKF,91,4.10053,4.12739,0.0268688,0.00193142,688.031
DualUKF,92,4.09505,4.12247,0.0274278,0.00232656,695.606
DualUKF,93,4.08955,4.11647,0.0269215,0.00203206,703.221
DualUKF,94,4.08409,4.10816,0.024076,0.00167236,710.821
DualUKF,95,4.07868,4.10346,0.0247855,0.00199894,718.389
DualUKF,96,4.07329,4.0967,0.0234122,0.00164408,725.953
DualUKF,97,4.06794,4.09176,0.0238192,0.00192751,733.519
DualUKF,98,4.06263,4.08622,0.0235884,0.00200882,741.054
DualUKF,99,4.05733,4.08125,0.023923,0.002011,748.645
DualUKF,100,4.05204,4.07458,0.0225355,0.00168013,756.196
DualUKF,101,4.04673,4.07205,0.0253204,0.00225709,763.837
DualUKF,102,4.04147,4.06543,0.0239625,0.00212986,771.385
DualUKF,103,4.03626,4.06046,0.0241947,0.00224153,778.937
DualUKF,104,4.03107,4.05647,0.0254021,0.00223732,786.509
DualUKF,105,4.02592,4.05051,0.0245909,0.00217834,794.034
DualUKF,106,4.02081,4.0444,0.0235864,0.00189879,801.549
DualUKF,107,4.01573,4.03855,0.0228252,0.00215564,809.064
DualUKF,108,4.01061,4.03444,0.0238298,0.00211928,816.654
DualUKF,109,4.00552,4.02915,0.0236324,0.0020055,824.208
DualUKF,110,4.00048,4.02276,0.0222808,0.00214724,831.731
DualUKF,111,3.99543,4.01884,0.0234046,0.00235294,839.317
DualUKF,112,3.99042,4.01352,0.0230992,0.00187714,846.862
DualUKF,113,3.98546,4.00862,0.023162,0.00230806,854.362
DualUKF,114,3.98049,4.00418,0.0236889,0.00224413,861.918
DualUKF,115,3.97552,3.99899,0.0234669,0.00234595,869.488
DualUKF,116,3.97057,3.99517,0.0246086,0.00209049,877.057
DualUKF,117,3.96564,3.98692,0.0212812,0.00175798,884.607
DualUKF,118,3.96074,3.98045,0.0197124,0.00208334,892.151
DualUKF,119,3.95588,3.97766,0.0217798,0.00227834,899.667
DualUKF,120,3.951,3.9729,0.0218968,0.00199167,907.246
AWTLS,1,4.95004,5.0037,0.0536595,0.000941692,7.90273
AWTLS,2,4.90434,4.98639,0.0820467,0.00134053,15.506
AWTLS,3,4.87365,4.95961,0.0859612,0.00176857,23.0697
AWTLS,4,4.84828,4.94343,0.0951521,0.00141122,30.6549
AWTLS,5,4.82621,4.92451,0.098303,0.00155866,38.1496
AWTLS,6,4.80627,4.90855,0.102278,0.00145088,45.6697
AWTLS,7,4.78792,4.89294,0.105022,0.00147067,53.1846
AWTLS,8,4.77063,4.87615,0.105522,0.00193005,60.7785
AWTLS,9,4.75429,4.86343,0.109131,0.00164879,68.3705
AWTLS,10,4.7389,4.84553,0.106626,0.00148179,75.894
AWTLS,11,4.7242,4.83142,0.107216,0.00151938,83.4926
AWTLS,12,4.71019,4.8195,0.109308,0.00159215,91.0033
AWTLS,13,4.69676,4.79912,0.102367,0.00167082,98.5172
AWTLS,14,4.68371,4.78984,0.106124,0.00167797,106.105
AWTLS,15,4.67106,4.77788,0.106817,0.00174404,113.663
AWTLS,16,4.65885,4.75854,0.0996889,0.00186825,121.223
AWTLS,17,4.64698,4.74883,0.101849,0.00191933,128.773
AWTLS,18,4.63541,4.73708,0.101672,0.00215107,136.344
AWTLS,19,4.62426,4.71656,0.0923053,0.00264966,143.811
AWTLS,20,4.61327,4.70894,0.095666,0.00234079,151.403
AWTLS,21,4.60251,4.69741,0.0948968,0.00282283,158.975
AWTLS,22,4.59198,4.67734,0.0853675,0.00293409,166.553
AWTLS,23,4.58173,4.66919,0.0874652,0.0031464,174.057
AWTLS,24,4.57167,4.65829,0.0866218,0.00359717,181.614
AWTLS,25,4.56173,4.64137,0.0796453,0.00347796,189.225
AWTLS,26,4.55203,4.62869,0.0766601,0.00369591,196.723
AWTLS,27,4.54253,4.62025,0.0777232,0.00372181,204.251
AWTLS,28,4.53314,4.60569,0.0725528,0.00435053,211.803
AWTLS,29,4.5239,4.59258,0.0686765,0.00440143,219.361
AWTLS,30,4.51476,4.58549,0.0707332,0.00426039,226.967
AWTLS,31,4.50582,4.57561,0.0697816,0.00491231,234.495
AWTLS,32,4.49706,4.56041,0.0633581,0.00461677,241.991
AWTLS,33,4.48836,4.55131,0.0629486,0.00549398,249.556
AWTLS,34,4.47968,4.54215,0.0624672,0.00496946,257.186
AWTLS,35,4.47118,4.53285,0.0616659,0.00522445,264.745
AWTLS,36,4.46283,4.51747,0.0546369,0.00546827,272.267
AWTLS,37,4.45471,4.51083,0.0561272,0.00624419,279.697
AWTLS,38,4.44663,4.50146,0.0548344,0.00600279,287.232
AWTLS,39,4.4386,4.48684,0.0482347,0.00595143,294.752
AWTLS,40,4.43059,4.4805,0.0499138,0.00588744,302.375
AWTLS,41,4.42264,4.47159,0.0489509,0.00616223,309.955
AWTLS,42,4.41481,4.46244,0.0476299,0.00722579,317.547
AWTLS,43,4.40711,4.45085,0.0437463,0.00611211,325.076
AWTLS,44,4.39944,4.44085,0.0414086,0.00668542,332.682
AWTLS,45,4.39187,4.43747,0.0456001,0.00663301,340.245
AWTLS,46,4.38438,4.42965,0.0452653,0.00707342,347.822
AWTLS,47,4.37699,4.42138,0.0443906,0.00732089,355.362
AWTLS,48,4.3697,4.40712,0.037416,0.00751435,362.894
AWTLS,49,4.36242,4.40221,0.0397882,0.0069488,370.466
AWTLS,50,4.35521,4.39337,0.0381629,0.00773094,378.043
AWTLS,51,4.34807,4.38491,0.0368396,0.00749652,385.597
AWTLS,52,4.34102,4.37409,0.0330685,0.00769213,393.119
AWTLS,53,4.33403,4.36509,0.0310608,0.0088028,400.657
AWTLS,54,4.32708,4.36066,0.0335769,0.00883261,408.226
AWTLS,55,4.32022,4.3526,0.0323804,0.00856616,415.73
AWTLS,56,4.31335,4.34378,0.0304261,0.00819206,423.334
AWTLS,57,4.30655,4.33324,0.026691,0.00884845,430.891
AWTLS,58,4.29982,4.33076,0.0309438,0.00836861,438.438
AWTLS,59,4.2932,4.32316,0.0299658,0.00864166,445.926
AWTLS,60,4.2866,4.3153,0.0287024,0.00843341,453.452
AWTLS,61,4.28,4.3061,0.026098,0.00829111,461.061
AWTLS,62,4.27341,4.29992,0.0265101,0.00876601,468.679
AWTLS,63,4.26693,4.29263,0.0257029,0.0083402,476.203
AWTLS,64,4.26046,4.28603,0.0255645,0.00898027,483.814
AWTLS,65,4.25405,4.28117,0.0271196,0.00859396,491.367
AWTLS,66,4.24764,4.27443,0.0267896,0.00926699,498.994
AWTLS,67,4.24132,4.26719,0.025874,0.00924683,506.531
AWTLS,68,4.23505,4.25967,0.0246182,0.00906729,514.086
AWTLS,69,4.2288,4.25215,0.0233499,0.00877537,521.686
AWTLS,70,4.22256,4.24643,0.0238734,0.00894604,529.311
AWTLS,71,4.21638,4.24151,0.025129,0.00938277,536.899
AWTLS,72,4.21027,4.23628,0.0260164,0.00950248,544.458
AWTLS,73,4.20417,4.231,0.0268343,0.00956311,552.044
AWTLS,74,4.19812,4.22269,0.024564,0.00973403,559.592
AWTLS,75,4.19212,4.21462,0.0225027,0.00983865,567.156
AWTLS,76,4.18613,4.20871,0.0225811,0.0097189,574.751
AWTLS,77,4.18021,4.20303,0.0228186,0.00998225,582.287
AWTLS,78,4.17431,4.19766,0.0233513,0.00983601,589.864
AWTLS,79,4.16842,4.19237,0.0239436,0.00950278,597.457
AWTLS,80,4.16259,4.18656,0.0239723,0.0103098,604.991
AWTLS,81,4.15681,4.17908,0.0222679,0.00966833,612.502
AWTLS,82,4.15104,4.17329,0.0222407,0.00993715,620.077
AWTLS,83,4.14528,4.16842,0.0231409,0.010772,627.67
AWTLS,84,4.1396,4.16494,0.0253439,0.0100823,635.188
AWTLS,85,4.13386,4.1596,0.0257418,0.00999413,642.838
AWTLS,86,4.12817,4.15558,0.0274041,0.0107974,650.415
AWTLS,87,4.12258,4.14925,0.0266732,0.0104525,657.928
AWTLS,88,4.11702,4.13737,0.0203484,0.00984147,665.448
AWTLS,89,4.11148,4.13137,0.0198905,0.0104715,672.993
AWTLS,90,4.106,4.127,0.0209979,0.0112678,680.487
AWTLS,91,4.10053,4.12182,0.0212972,0.0112325,688.031
AWTLS,92,4.09505,4.12285,0.0278019,0.0104347,695.606
AWTLS,93,4.08955,4.1133,0.0237468,0.0110299,703.221
AWTLS,94,4.08409,4.1024,0.0183104,0.0105605,710.821
AWTLS,95,4.07868,4.0922,0.0135227,0.0114717,718.389
AWTLS,96,4.07329,4.0868,0.0135116,0.0115381,725.953
AWTLS,97,4.06794,4.08349,0.0155506,0.0119608,733.519
AWTLS,98,4.06263,4.07886,0.0162218,0.0122982,741.054
AWTLS,99,4.05733,4.0693,0.011976,0.0125161,748.645
AWTLS,100,4.05204,4.0587,0.00665599,0.0119925,756.196
AWTLS,101,4.04673,4.04908,0.00235157,0.0144096,763.837
AWTLS,102,4.04147,4.0361,-0.00537421,0.0129936,771.385
AWTLS,103,4.03626,4.02806,-0.0082024,0.0143911,778.937
AWTLS,104,4.03107,4.02383,-0.00724362,0.0137017,786.509
AWTLS,105,4.02592,4.0188,-0.00711291,0.0144863,794.034
AWTLS,106,4.02081,4.01103,-0.0097817,0.0145377,801.549
AWTLS,107,4.01573,4.00169,-0.0140358,0.0151757,809.064
AWTLS,108,4.01061,3.99337,-0.0172399,0.0159247,816.654
AWTLS,109,4.00552,3.98233,-0.0231894,0.0167441,824.208
AWTLS,110,4.00048,3.97859,-0.0218903,0.0153265,831.731
AWTLS,111,3.99543,3.97419,-0.0212409,0.0170758,839.317
AWTLS,112,3.99042,3.96939,-0.0210347,0.0169269,846.862
AWTLS,113,3.98546,3.96167,-0.0237866,0.0156316,854.362
AWTLS,114,3.98049,3.95354,-0.0269449,0.0163996,861.918
AWTLS,115,3.97552,3.94295,-0.0325737,0.0171414,869.488
AWTLS,116,3.97057,3.93564,-0.0349291,0.0175702,877.057
AWTLS,117,3.96564,3.92674,-0.0389012,0.0182361,884.607
AWTLS,118,3.96074,3.92214,-0.0385989,0.0172586,892.151
AWTLS,119,3.95588,3.91877,-0.0371135,0.0188366,899.667
AWTLS,120,3.951,3.91629,-0.0347084,0.0188122,907.246
