estimator,group,scenario,seed,rms_angle_deg,rms_roll_deg,rms_pitch_deg,rms_yaw_deg,max_angle_deg,ss_rms_angle_deg,conv_time,bias_rmse_dps,diverged,ns_per_step,bytes
Complementary,attitude,nominal,1,5.89188,2.26349,1.13723,5.33489,18.0967,6.64061,-1,0.621873,0,365.302,272
Madgwick,attitude,nominal,1,17.6045,9.04358,1.29471,15.3079,71.2455,18.9769,-1,0.621873,1,111.798,272
Madgwick-Gated,attitude,nominal,1,4.8051,2.06878,1.83563,3.93659,17.1485,6.18389,-1,0.187345,0,139.789,272
Mahony,attitude,nominal,1,18.4568,6.25222,2.94478,17.3629,76.9421,19.2998,27.53,1.2451,1,132.468,312
Mahony-Gated,attitude,nominal,1,1.76512,0.516723,0.49382,1.617,5.67556,1.75212,27.58,0.13037,0,133.14,312
MEKF,attitude,nominal,1,2.11261,0.733799,0.557012,1.89833,14.6991,2.53783,0.01,0.168589,0,2037.08,608
InvariantEKF,attitude,nominal,1,2.13545,0.742258,0.561896,1.91882,14.7408,2.57499,0.01,0.1683,0,1877.3,608
TRIAD,attitude,nominal,1,19.5932,9.3689,1.4505,17.1761,88.6078,21.5959,-1,0.621873,1,129.19,120
QUEST,attitude,nominal,1,19.2273,8.67871,1.43626,17.1811,88.2401,21.1799,-1,0.621873,1,214.495,120
Complementary,attitude,nominal,2,7.30855,3.1556,1.19653,6.43782,19.3831,8.76572,-1,1.06417,0,356.618,272
Madgwick,attitude,nominal,2,17.6205,9.05584,1.28466,15.3122,70.6356,19.0803,-1,1.06417,1,106.74,272
Madgwick-Gated,attitude,nominal,2,7.43053,3.11968,3.28416,5.85615,31.3211,9.37925,-1,0.26658,0,137.097,272
Mahony,attitude,nominal,2,18.2545,6.22924,2.9204,17.1486,74.7213,19.397,28.17,1.2393,1,129.54,312
Mahony-Gated,attitude,nominal,2,2.81813,0.833162,0.795832,2.55495,11.2607,3.01605,28.25,0.161625,0,132.188,312
MEKF,attitude,nominal,2,2.97757,0.965134,0.828364,2.67946,15.9538,3.6685,0,0.180723,0,2020.3,608
InvariantEKF,attitude,nominal,2,2.98675,0.967511,0.830835,2.68794,15.956,3.68014,0,0.180614,0,1915.71,608
TRIAD,attitude,nominal,2,19.5832,9.36866,1.45155,17.1638,85.3673,21.6017,-1,1.06417,1,128.754,120
QUEST,attitude,nominal,2,19.217,8.67839,1.4368,17.1688,84.9803,21.1861,-1,1.06417,1,214.536,120
Complementary,attitude,nominal,3,6.50671,2.91952,1.19969,5.62287,14.9853,8.3257,112.99,1.39263,0,361.649,272
Madgwick,attitude,nominal,3,17.579,9.07806,1.27385,15.2343,72.3811,18.8146,-1,1.39263,1,112.013,272
Madgwick-Gated,attitude,nominal,3,5.11428,2.25213,2.27356,3.99544,19.9335,6.73342,-1,0.198239,0,137.982,272
Mahony,attitude,nominal,3,18.4808,6.24601,2.95736,17.4001,77.1749,19.2944,15.06,1.23953,1,130.45,312
Mahony-Gated,attitude,nominal,3,1.84781,0.512617,0.629747,1.65886,8.02766,1.31542,15.08,0.130672,0,132.409,312
MEKF,attitude,nominal,3,2.35613,0.806671,0.643784,2.11498,14.7219,2.99178,0.01,0.164598,0,2050.24,608
InvariantEKF,attitude,nominal,3,2.35463,0.807276,0.641171,2.11372,14.703,2.98931,0.01,0.164262,0,1910.37,608
TRIAD,attitude,nominal,3,19.5938,9.36919,1.45187,17.1769,90.594,21.598,-1,1.39263,1,129.991,120
QUEST,attitude,nominal,3,19.2282,8.67985,1.43781,17.1819,89.8801,21.1825,-1,1.39263,1,211.679,120
Complementary,attitude,init_error,1,6.13205,2.37822,1.33628,5.53464,46.2696,6.64061,-1,0.621873,0,363.999,272
Madgwick,attitude,init_error,1,17.7386,9.12299,1.73516,15.3975,71.2455,18.9769,-1,0.621873,1,111.875,272
Madgwick-Gated,attitude,init_error,1,5.24976,2.38037,2.14998,4.2526,46.4892,6.18389,-1,0.279088,0,139.521,272
Mahony,attitude,init_error,1,18.5689,6.28781,2.97893,17.4684,76.9407,19.2998,71.17,1.28638,1,129.796,312
Mahony-Gated,attitude,init_error,1,3.49701,1.20923,0.746785,3.2223,45.9733,1.75214,88.63,0.353147,0,130.672,312
MEKF,attitude,init_error,1,2.1563,0.759439,0.556719,1.93739,14.6991,2.53783,5.21,0.271999,0,2039.25,608
InvariantEKF,attitude,init_error,1,2.13572,0.742944,0.562,1.91882,14.7408,2.57499,0.04,0.176096,0,1920.53,608
TRIAD,attitude,init_error,1,19.5932,9.3689,1.4505,17.1761,88.6078,21.5959,-1,0.621873,1,130.498,120
QUEST,attitude,init_error,1,19.2273,8.67871,1.43626,17.1811,88.2401,21.1799,-1,0.621873,1,213.323,120
Complementary,attitude,init_error,2,7.50152,3.23864,1.38682,6.60209,46.2579,8.76572,-1,1.06417,0,363.19,272
Madgwick,attitude,init_error,2,17.7542,9.13532,1.72699,15.4014,70.6356,19.0803,-1,1.06417,1,111.131,272
Madgwick-Gated,attitude,init_error,2,7.7251,3.3353,3.46881,6.07259,46.4878,9.37925,-1,0.347402,0,139.972,272
Mahony,attitude,init_error,2,18.3659,6.26493,2.95489,17.2532,74.72,19.397,69.15,1.28155,1,129.938,312
Mahony-Gated,attitude,init_error,2,4.14622,1.3905,0.971438,3.79221,45.9748,3.01602,51.2,0.368843,0,131.78,312
MEKF,attitude,init_error,2,2.97845,0.966368,0.828496,2.67999,15.9538,3.6685,0.46,0.210445,0,2046.83,608
InvariantEKF,attitude,init_error,2,2.98695,0.968089,0.830916,2.68793,15.956,3.68014,0.04,0.186185,0,1910.08,608
TRIAD,attitude,init_error,2,19.5832,9.36866,1.45155,17.1638,85.3673,21.6017,-1,1.06417,1,129.136,120
QUEST,attitude,init_error,2,19.217,8.67839,1.4368,17.1688,84.9803,21.1861,-1,1.06417,1,214.333,120
Complementary,attitude,init_error,3,6.72687,3.0097,1.38953,5.81488,46.2707,8.3257,112.99,1.39263,0,359.952,272
Madgwick,attitude,init_error,3,17.7133,9.15722,1.71855,15.3244,72.3811,18.8146,-1,1.39263,1,111.663,272
Madgwick-Gated,attitude,init_error,3,5.53464,2.54156,2.53356,4.30793,46.4897,6.73342,-1,0.28653,0,141.255,272
Mahony,attitude,init_error,3,18.5971,6.28224,2.99138,17.5098,77.1736,19.2944,70.75,1.28148,1,137.077,312
Mahony-Gated,attitude,init_error,3,3.62293,1.23257,0.849734,3.32244,45.9768,1.31542,73.08,0.358228,0,145.324,312
MEKF,attitude,init_error,3,2.37514,0.818162,0.643978,2.1319,14.7219,2.99178,4.44,0.252756,0,2014.38,608
InvariantEKF,attitude,init_error,3,2.35492,0.808041,0.641218,2.11374,14.703,2.98931,0.07,0.16957,0,1907.35,608
TRIAD,attitude,init_error,3,19.5938,9.36919,1.45187,17.1769,90.594,21.598,-1,1.39263,1,129.175,120
QUEST,attitude,init_error,3,19.2282,8.67985,1.43781,17.1819,89.8801,21.1825,-1,1.39263,1,213.361,120
Complementary,attitude,gyro_bias,1,20.0654,8.36306,1.99791,18.2228,28.0438,20.8492,-1,3.35298,0,373.353,272
Madgwick,attitude,gyro_bias,1,17.6984,8.99408,1.3103,15.4447,69.014,19.5657,-1,3.35298,1,110.751,272
Madgwick-Gated,attitude,gyro_bias,1,4.81046,2.07128,1.83157,3.94375,17.1485,6.18389,-1,0.417157,0,137.722,272
Mahony,attitude,gyro_bias,1,18.5038,6.26238,2.94203,17.4099,76.9446,19.2998,32.17,1.28041,1,129.936,312
Mahony-Gated,attitude,gyro_bias,1,2.4252,0.71345,0.475607,2.2725,12.9773,1.75211,32.69,0.338939,0,133.976,312
MEKF,attitude,gyro_bias,1,2.11325,0.734109,0.557201,1.89887,14.6991,2.53783,1.88,0.188132,0,2053.06,608
InvariantEKF,attitude,gyro_bias,1,2.1361,0.742562,0.562093,1.91937,14.7408,2.57499,1.88,0.188079,0,1915.24,608
TRIAD,attitude,gyro_bias,1,19.5932,9.3689,1.4505,17.1761,88.6078,21.5959,-1,3.35298,1,129.519,120
QUEST,attitude,gyro_bias,1,19.2273,8.67871,1.43626,17.1811,88.2401,21.1799,-1,3.35298,1,215.09,120
Complementary,attitude,gyro_bias,2,21.27,9.09035,2.46655,19.0581,36.3409,22.8878,-1,4.07833,0,377.64,272
Madgwick,attitude,gyro_bias,2,17.7343,8.9996,1.31883,15.4763,68.7154,19.6662,-1,4.07833,1,110.766,272
Madgwick-Gated,attitude,gyro_bias,2,7.43155,3.12082,3.28139,5.85858,31.3211,9.37925,-1,0.46682,0,142.36,272
Mahony,attitude,gyro_bias,2,18.3026,6.23963,2.9177,17.1966,74.7238,19.397,32,1.27637,1,130.517,312
Mahony-Gated,attitude,gyro_bias,2,3.30126,0.977571,0.788112,3.04056,13.026,3.01606,58.59,0.35924,0,132.171,312
MEKF,attitude,gyro_bias,2,2.97789,0.965325,0.828528,2.67971,15.9538,3.6685,2.24,0.201806,0,2040.84,608
InvariantEKF,attitude,gyro_bias,2,2.98709,0.967703,0.831003,2.68821,15.956,3.68014,2.28,0.20184,0,1956.33,608
TRIAD,attitude,gyro_bias,2,19.5832,9.36866,1.45155,17.1638,85.3673,21.6017,-1,4.07833,1,129.321,120
QUEST,attitude,gyro_bias,2,19.217,8.67839,1.4368,17.1688,84.9803,21.1861,-1,4.07833,1,215.201,120
Complementary,attitude,gyro_bias,3,11.4113,4.76405,2.14677,10.3748,21.15,8.57233,-1,3.96604,0,371.543,272
Madgwick,attitude,gyro_bias,3,17.4223,9.04699,1.25459,15.0579,70.3418,18.9904,846.48,3.96604,1,111.216,272
Madgwick-Gated,attitude,gyro_bias,3,5.11763,2.25366,2.26952,4.00133,19.9335,6.73342,-1,0.430148,0,138.127,272
Mahony,attitude,gyro_bias,3,18.527,6.2563,2.95466,17.4462,77.1775,19.2944,31.21,1.27648,1,129.81,312
Mahony-Gated,attitude,gyro_bias,3,2.49127,0.717856,0.614754,2.30598,13.2727,1.31542,56.59,0.345735,0,133.591,312
MEKF,attitude,gyro_bias,3,2.35668,0.806958,0.64387,2.11546,14.7219,2.99178,2.48,0.18606,0,2055.74,608
InvariantEKF,attitude,gyro_bias,3,2.35522,0.807566,0.641267,2.11424,14.703,2.98931,2.49,0.185931,0,1933.74,608
TRIAD,attitude,gyro_bias,3,19.5938,9.36919,1.45187,17.1769,90.594,21.598,-1,3.96604,1,127.963,120
QUEST,attitude,gyro_bias,3,19.2282,8.67985,1.43781,17.1819,89.8801,21.1825,-1,3.96604,1,214.82,120
Complementary,attitude,mag_disturbance,1,5.86565,2.26349,1.13723,5.30522,18.0967,6.64061,-1,0.621873,0,366.687,272
Madgwick,attitude,mag_disturbance,1,18.9909,9.04676,1.48752,16.8649,71.2455,18.9769,-1,0.621873,1,106.828,272
Madgwick-Gated,attitude,mag_disturbance,1,4.80641,2.06905,1.83626,3.93755,17.1482,6.18383,-1,0.187176,0,136.432,272
Mahony,attitude,mag_disturbance,1,20.4416,6.33839,3.17678,19.3844,76.9421,19.299,27.53,1.35064,1,130.543,312
Mahony-Gated,attitude,mag_disturbance,1,1.85176,0.553134,0.516704,1.69326,5.73661,1.76443,27.58,0.138114,0,132.155,312
MEKF,attitude,mag_disturbance,1,2.47454,0.750432,0.564429,2.28671,14.6991,2.53783,0.01,0.186774,0,2059.08,608
InvariantEKF,attitude,mag_disturbance,1,2.50982,0.758976,0.568825,2.32084,14.7408,2.57499,0.01,0.187028,0,1902.15,608
TRIAD,attitude,mag_disturbance,1,20.9764,9.3689,1.4505,18.738,88.6078,21.5959,-1,0.621873,1,129.092,120
QUEST,attitude,mag_disturbance,1,20.6375,8.68486,1.43746,18.7376,88.2401,21.1799,-1,0.621873,1,221.618,120
Complementary,attitude,mag_disturbance,2,7.3174,3.1556,1.19653,6.44779,19.3831,8.76572,-1,1.06417,0,356.887,272
Madgwick,attitude,mag_disturbance,2,18.9853,9.05961,1.47492,16.8455,70.6356,19.0803,-1,1.06417,1,109.452,272
Madgwick-Gated,attitude,mag_disturbance,2,7.42886,3.11976,3.28448,5.85364,31.3209,9.37922,-1,0.266544,0,136.274,272
Mahony,attitude,mag_disturbance,2,20.2803,6.31668,3.15154,19.2155,74.7213,19.3962,28.17,1.35009,1,130.021,312
Mahony-Gated,attitude,mag_disturbance,2,2.8527,0.852123,0.806032,2.58381,11.2147,3.00174,28.25,0.169028,0,133.167,312
MEKF,attitude,mag_disturbance,2,3.27291,0.977145,0.832719,2.99851,15.9538,3.6685,0,0.199017,0,2033.42,608
InvariantEKF,attitude,mag_disturbance,2,3.2963,0.979673,0.834838,3.02256,15.956,3.68013,0,0.199388,0,1886.13,608
TRIAD,attitude,mag_disturbance,2,20.9672,9.36866,1.45155,18.727,85.3673,21.6017,-1,1.06417,1,128.452,120
QUEST,attitude,mag_disturbance,2,20.6279,8.68454,1.43808,18.7264,84.9803,21.1861,-1,1.06417,1,215.198,120
Complementary,attitude,mag_disturbance,3,6.96102,2.91952,1.19969,6.1467,22.9197,8.3257,112.99,1.39263,0,354.705,272
Madgwick,attitude,mag_disturbance,3,19.0528,9.08106,1.46754,16.8949,72.3811,18.8146,-1,1.39263,1,109.384,272
Madgwick-Gated,attitude,mag_disturbance,3,5.10772,2.25159,2.27417,3.98666,19.9345,6.73361,-1,0.198354,0,133.144,272
Mahony,attitude,mag_disturbance,3,20.4933,6.3322,3.19018,19.449,77.1749,19.2935,15.06,1.34438,1,129.054,312
Mahony-Gated,attitude,mag_disturbance,3,2.21466,0.560866,0.666191,2.03673,9.02647,1.31516,15.08,0.149613,0,131.948,312
MEKF,attitude,mag_disturbance,3,2.8348,0.822365,0.650941,2.63038,16.5697,2.99178,0.01,0.19351,0,2028.83,608
InvariantEKF,attitude,mag_disturbance,3,2.84821,0.823106,0.64808,2.6452,16.9643,2.98931,0.01,0.193842,0,1901.42,608
TRIAD,attitude,mag_disturbance,3,20.9776,9.36919,1.45187,18.7395,90.594,21.598,-1,1.39263,1,129.183,120
QUEST,attitude,mag_disturbance,3,20.6389,8.68603,1.43907,18.739,89.8801,21.1825,-1,1.39263,1,214.92,120
Complementary,attitude,vibration,1,5.85877,2.27953,1.17114,5.27961,17.7117,6.65699,-1,0.621873,0,381.193,272
Madgwick,attitude,vibration,1,14.0347,8.335,1.6703,11.4211,49.8106,15.3597,-1,0.621873,0,110.824,272
Madgwick-Gated,attitude,vibration,1,2.43293,1.47027,1.37275,1.35698,8.86845,2.67862,108.87,0.163488,0,137.95,272
Mahony,attitude,vibration,1,18.2925,6.24302,2.94765,17.1729,75.7293,19.2195,89.59,1.23714,1,130.052,312
Mahony-Gated,attitude,vibration,1,1.70036,0.568098,0.50469,1.52324,5.51585,1.90646,28.72,0.136165,0,132.035,312
MEKF,attitude,vibration,1,1.74472,0.598571,0.442572,1.57346,18.1948,1.96821,1.78,0.122054,0,2027.79,608
InvariantEKF,attitude,vibration,1,1.74895,0.601342,0.444384,1.57623,16.3637,1.98177,1.78,0.122451,0,1906.47,608
TRIAD,attitude,vibration,1,27.1981,11.2068,6.23382,24.1862,179.796,29.287,-1,0.621873,1,128.512,120
QUEST,attitude,vibration,1,25.8306,9.07173,4.92337,24.2172,179.822,27.8646,-1,0.621873,1,225.017,120
Complementary,attitude,vibration,2,7.31739,3.16188,1.27724,6.4277,19.6179,8.83021,-1,1.06417,0,385.36,272
Madgwick,attitude,vibration,2,14.2386,8.41675,1.64119,11.5984,49.2559,15.8023,-1,1.06417,0,111.781,272
Madgwick-Gated,attitude,vibration,2,4.27916,2.14894,2.26996,2.89051,14.3451,4.581,590.54,0.197905,0,137.48,272
Mahony,attitude,vibration,2,18.1287,6.19407,2.93048,17.0255,74.3556,19.2702,53.5,1.23093,1,129.633,312
Mahony-Gated,attitude,vibration,2,3.52477,1.04822,1.01851,3.18577,14.6273,3.94044,53.55,0.186073,0,132.214,312
MEKF,attitude,vibration,2,2.76112,0.886627,0.759028,2.48671,16.2908,3.2749,4.82,0.20381,0,2051.32,608
InvariantEKF,attitude,vibration,2,2.76799,0.887935,0.762369,2.49283,16.3094,3.28379,4.82,0.205307,0,1905.26,608
TRIAD,attitude,vibration,2,27.2965,11.1935,6.22903,24.3022,179.832,29.3498,-1,1.06417,1,128.899,120
QUEST,attitude,vibration,2,25.9307,9.1064,4.93982,24.3348,179.952,27.9399,-1,1.06417,1,223.981,120
Complementary,attitude,vibration,3,6.55049,2.93554,1.27276,5.64916,15.189,8.34077,112.84,1.39263,0,384.207,272
Madgwick,attitude,vibration,3,16.0576,8.44041,1.97536,13.7758,53.5293,18.4293,-1,1.39263,1,111.85,272
Madgwick-Gated,attitude,vibration,3,2.95833,1.38631,1.69225,1.98992,14.234,3.31283,88.9,0.158132,0,137.92,272
Mahony,attitude,vibration,3,18.4155,6.24471,2.9693,17.3259,76.7191,19.249,70.51,1.23393,1,129.995,312
Mahony-Gated,attitude,vibration,3,2.19541,0.655456,0.744213,1.95802,9.16656,2.11569,27.91,0.141518,0,132.138,312
MEKF,attitude,vibration,3,1.90925,0.636663,0.50331,1.72528,17.1245,2.30119,26.04,0.134676,0,2067.64,608
InvariantEKF,attitude,vibration,3,1.90623,0.636523,0.500887,1.72263,17.0747,2.29649,26.03,0.134733,0,1924.03,608
TRIAD,attitude,vibration,3,27.2756,11.2045,6.23886,24.2731,179.578,29.4215,-1,1.39263,1,129.746,120
QUEST,attitude,vibration,3,25.912,9.10866,4.93937,24.2967,179.453,28.0121,-1,1.39263,1,226.457,120
Complementary,attitude,high_dynamics,1,5.90911,2.28143,1.14381,5.34533,17.9454,6.6502,-1,0.621873,0,367.509,272
Madgwick,attitude,high_dynamics,1,18.392,9.39764,1.41898,16.0103,81.5928,19.5367,-1,0.621873,1,110.996,272
Madgwick-Gated,attitude,high_dynamics,1,4.91151,2.59832,2.42455,3.39956,13.1982,5.71274,-1,0.230018,0,128.594,272
Mahony,attitude,high_dynamics,1,18.8081,6.42504,3.00994,17.6886,77.9194,19.5868,-1,1.26585,1,130.118,312
Mahony-Gated,attitude,high_dynamics,1,6.42999,2.14782,1.31221,5.85954,21.8767,8.43322,49.86,0.251067,0,130.098,312
MEKF,attitude,high_dynamics,1,3.23678,1.12555,0.741601,2.96027,11.8859,3.78691,195.08,0.205848,0,2053.56,608
InvariantEKF,attitude,high_dynamics,1,3.1937,1.11327,0.729151,2.92075,11.9928,3.71641,194.74,0.205716,0,1915.04,608
TRIAD,attitude,high_dynamics,1,20.9889,9.79524,1.58887,18.5742,135.688,22.9948,-1,0.621873,1,127.942,120
QUEST,attitude,high_dynamics,1,20.6338,9.1229,1.54081,18.5829,135.38,22.5931,-1,0.621873,1,216.013,120
Complementary,attitude,high_dynamics,2,7.31779,3.16868,1.20086,6.44177,19.2276,8.76406,-1,1.06417,0,364.006,272
Madgwick,attitude,high_dynamics,2,18.4014,9.41403,1.41083,16.0038,80.8435,19.6323,-1,1.06417,1,111.194,272
Madgwick-Gated,attitude,high_dynamics,2,5.75428,3.20508,2.99483,3.75459,17.6733,6.60313,-1,0.252415,0,130.026,272
Mahony,attitude,high_dynamics,2,18.5935,6.40199,2.98451,17.4601,75.7005,19.6854,-1,1.25953,1,127.537,312
Mahony-Gated,attitude,high_dynamics,2,4.28924,1.41241,0.954442,3.90953,14.005,5.32075,693.42,0.198224,0,127.065,312
MEKF,attitude,high_dynamics,2,3.49817,1.20753,0.80526,3.19037,14.3278,4.17883,-1,0.202805,0,2031.57,608
InvariantEKF,attitude,high_dynamics,2,3.4713,1.19972,0.798079,3.16604,14.3567,4.13174,-1,0.20278,0,1898.31,608
TRIAD,attitude,high_dynamics,2,20.9848,9.79504,1.58939,18.5687,144.061,23.0023,-1,1.06417,1,128.145,120
QUEST,attitude,high_dynamics,2,20.6295,9.12286,1.54082,18.5773,143.798,22.6009,-1,1.06417,1,215.729,120
Complementary,attitude,high_dynamics,3,6.51883,2.928,1.20689,5.63182,15.0614,8.32623,113.23,1.39263,0,350.598,272
Madgwick,attitude,high_dynamics,3,18.4971,9.43324,1.41559,16.0964,83.012,19.5826,-1,1.39263,1,110.848,272
Madgwick-Gated,attitude,high_dynamics,3,5.34958,2.53487,2.30828,4.13104,18.8304,6.29746,-1,0.231372,0,129.244,272
Mahony,attitude,high_dynamics,3,18.8441,6.41961,3.02344,17.7383,78.1326,19.5913,-1,1.26041,1,130.467,312
Mahony-Gated,attitude,high_dynamics,3,3.77661,1.09427,1.06929,3.46254,13.5021,4.45052,33.37,0.156783,0,130.259,312
MEKF,attitude,high_dynamics,3,3.25987,1.13761,0.749793,2.97709,11.8125,3.88043,470.87,0.195843,0,2039.62,608
InvariantEKF,attitude,high_dynamics,3,3.23957,1.13194,0.743839,2.95848,11.7942,3.84535,470.87,0.195623,0,1908.89,608
TRIAD,attitude,high_dynamics,3,20.9731,9.79558,1.58953,18.5557,137.362,23.0009,-1,1.39263,1,124.549,120
QUEST,attitude,high_dynamics,3,20.6178,9.12295,1.54153,18.5642,137.088,22.5998,-1,1.39263,1,214.042,120
