t,i_meas,v_meas,T_true,soc_true,soc_est,soc_std,v_pred,soc_lower,soc_upper,capacity_est,capacity_true,v_true
0,1.02,4.113,298.15,0.95,0.95,-1,4.10305,nan,nan,nan,5,4.10814
1,1.04,4.105,298.15,0.949944,0.949943,-1,4.10158,nan,nan,nan,4.99994,4.10689
2,1.05,4.106,298.151,0.949887,0.949885,-1,4.10034,nan,nan,nan,4.99991,4.10571
3,1.08,4.105,298.151,0.949831,0.949827,-1,4.09914,nan,nan,nan,4.99988,4.10495
4,1.05,4.106,298.151,0.949775,0.949769,-1,4.09879,nan,nan,nan,4.99986,4.10413
5,1.14,4.102,298.152,0.949718,0.94971,-1,4.09696,nan,nan,nan,4.99984,4.10295
6,0.97,4.101,298.152,0.94966,0.949652,-1,4.09853,nan,nan,nan,4.99982,4.10297
7,1.07,4.101,298.153,0.949603,0.949596,-1,4.09682,nan,nan,nan,4.99981,4.10235
8,0.96,4.099,298.153,0.949546,0.949539,-1,4.09778,nan,nan,nan,4.99979,4.1018
9,1.07,4.098,298.153,0.949488,0.949481,-1,4.09602,nan,nan,nan,4.99978,4.10148
10,1.08,4.099,298.154,0.949431,0.94942,-1,4.09563,nan,nan,nan,4.99976,4.10099
11,1.06,4.103,298.154,0.949374,0.94936,-1,4.09551,nan,nan,nan,4.99975,4.1009
12,1.02,4.101,298.155,0.949316,0.9493,-1,4.09569,nan,nan,nan,4.99973,4.10081
13,1.05,4.1,298.155,0.949259,0.949243,-1,4.09516,nan,nan,nan,4.99972,4.10031
14,1.02,4.101,298.155,0.949202,0.949185,-1,4.09545,nan,nan,nan,4.99971,4.10027
15,1.01,4.098,298.156,0.949144,0.949125,-1,4.09531,nan,nan,nan,4.9997,4.10028
16,1.04,4.1,298.156,0.94909,0.949069,-1,4.09469,nan,nan,nan,4.99969,4.10046
17,0.95,4.104,298.157,0.949036,0.949014,-1,4.09571,nan,nan,nan,4.99968,4.10074
18,1.02,4.1,298.157,0.948983,0.94896,-1,4.09483,nan,nan,nan,4.99967,4.10016
19,1.08,4.1,298.157,0.94893,0.948905,-1,4.09396,nan,nan,nan,4.99966,4.10018
20,1.05,4.103,298.158,0.948876,0.948849,-1,4.09426,nan,nan,nan,4.99965,4.10005
21,0.88,4.099,298.158,0.948821,0.948793,-1,4.09609,nan,nan,nan,4.99964,4.10027
22,0.96,4.102,298.158,0.948769,0.948739,-1,4.09525,nan,nan,nan,4.99963,4.10033
23,0.85,4.103,298.159,0.948718,0.948688,-1,4.09649,nan,nan,nan,4.99962,4.10108
24,1.02,4.099,298.159,0.948666,0.948633,-1,4.09423,nan,nan,nan,4.99961,4.0996
25,1.08,4.101,298.159,0.948613,0.948579,-1,4.09348,nan,nan,nan,4.9996,4.09953
26,1.05,4.101,298.16,0.948558,0.948522,-1,4.09359,nan,nan,nan,4.99959,4.09931
27,1.15,4.097,298.16,0.948501,0.948464,-1,4.0923,nan,nan,nan,4.99958,4.09803
28,0.99,4.1,298.161,0.948445,0.948406,-1,4.09409,nan,nan,nan,4.99957,4.09905
29,0.91,4.098,298.161,0.948392,0.948351,-1,4.0948,nan,nan,nan,4.99957,4.09968
30,1.01,4.1,298.161,0.948341,0.948298,-1,4.09367,nan,nan,nan,4.99956,4.09909
31,1.09,4.097,298.162,0.948287,0.948242,-1,4.09268,nan,nan,nan,4.99955,4.09914
32,0.94,4.101,298.162,0.948235,0.948188,-1,4.09429,nan,nan,nan,4.99954,4.0987
33,1.01,4.099,298.162,0.948179,0.948132,-1,4.09336,nan,nan,nan,4.99953,4.09804
34,1.1,4.096,298.163,0.948123,0.948075,-1,4.0921,nan,nan,nan,4.99953,4.09817
35,1.16,4.093,298.163,0.948066,0.948017,-1,4.09125,nan,nan,nan,4.99952,4.0967
36,1.07,4.097,298.164,0.948005,0.947954,-1,4.09203,nan,nan,nan,4.99951,4.09699
37,1.11,4.098,298.164,0.947949,0.947896,-1,4.09145,nan,nan,nan,4.9995,4.09751
38,0.98,4.1,298.164,0.947894,0.947839,-1,4.09289,nan,nan,nan,4.99949,4.09772
39,1.04,4.1,298.165,0.94784,0.947785,-1,4.09228,nan,nan,nan,4.99949,4.09794
40,0.97,4.095,298.165,0.947788,0.94773,-1,4.09295,nan,nan,nan,4.99948,4.09829
41,1.02,4.097,298.165,0.947738,0.947678,-1,4.09248,nan,nan,nan,4.99947,4.09811
42,1.03,4.098,298.166,0.947683,0.947621,-1,4.09214,nan,nan,nan,4.99947,4.09708
43,1.07,4.095,298.166,0.947627,0.947564,-1,4.09148,nan,nan,nan,4.99946,4.09693
44,1.04,4.094,298.166,0.947571,0.947508,-1,4.09178,nan,nan,nan,4.99945,4.09643
45,1.02,4.101,298.167,0.947514,0.947449,-1,4.09185,nan,nan,nan,4.99945,4.0964
46,1.19,4.093,298.167,0.947458,0.947392,-1,4.08969,nan,nan,nan,4.99944,4.09639
47,0.98,4.094,298.168,0.947401,0.947333,-1,4.09205,nan,nan,nan,4.99943,4.09651
48,0.9,4.096,298.168,0.947348,0.947279,-1,4.093,nan,nan,nan,4.99942,4.09703
49,0.91,4.098,298.168,0.947297,0.947228,-1,4.09287,nan,nan,nan,4.99942,4.09682
50,0.97,4.096,298.169,0.947243,0.947172,-1,4.09199,nan,nan,nan,4.99941,4.09669
51,0.92,4.098,298.169,0.94719,0.947117,-1,4.09249,nan,nan,nan,4.99941,4.09624
52,1.07,4.096,298.169,0.947134,0.947061,-1,4.09072,nan,nan,nan,4.9994,4.09593
53,1.02,4.098,298.17,0.947078,0.947004,-1,4.0911,nan,nan,nan,4.99939,4.09607
54,0.99,4.096,298.17,0.947024,0.946949,-1,4.09136,nan,nan,nan,4.99939,4.09606
55,0.86,4.095,298.17,0.946971,0.946894,-1,4.0929,nan,nan,nan,4.99938,4.09691
56,0.87,4.099,298.171,0.946921,0.946843,-1,4.09277,nan,nan,nan,4.99937,4.09715
57,0.91,4.097,298.171,0.946872,0.946792,-1,4.09234,nan,nan,nan,4.99937,4.09691
58,1,4.098,298.171,0.94682,0.946739,-1,4.09122,nan,nan,nan,4.99936,4.09634
59,1.06,4.098,298.172,0.946764,0.946681,-1,4.09021,nan,nan,nan,4.99936,4.09485
60,19.71,3.873,298.172,0.946707,0.946623,-1,3.86478,nan,nan,nan,4.99935,3.8726
61,18.57,3.862,298.248,0.945607,0.945515,-1,3.85386,nan,nan,nan,4.99924,3.86309
62,17.82,3.857,298.317,0.944592,0.944494,-1,3.8505,nan,nan,nan,4.99914,3.85588
63,14.74,3.885,298.381,0.943654,0.94355,-1,3.87494,nan,nan,nan,4.99906,3.87975
64,15.88,3.858,298.434,0.942817,0.942706,-1,3.85155,nan,nan,nan,4.99899,3.85682
65,15.5,3.851,298.496,0.941921,0.941805,-1,3.84784,nan,nan,nan,4.99893,3.85374
66,16.97,3.831,298.557,0.941043,0.940922,-1,3.82386,nan,nan,nan,4.99886,3.83057
67,15.04,3.849,298.622,0.940143,0.940015,-1,3.84086,nan,nan,nan,4.9988,3.84569
68,14.39,3.851,298.676,0.939345,0.939212,-1,3.84617,nan,nan,nan,4.99874,3.85087
69,19.01,3.792,298.737,0.93848,0.938342,-1,3.78937,nan,nan,nan,4.99869,3.79295
70,17.47,3.802,298.811,0.937524,0.937382,-1,3.79976,nan,nan,nan,4.99863,3.80594
71,16,3.817,298.884,0.93658,0.936431,-1,3.81342,nan,nan,nan,4.99857,3.818
72,17.34,3.796,298.958,0.935638,0.935483,-1,3.79231,nan,nan,nan,4.99851,3.79768
73,17.15,3.793,299.033,0.934684,0.934525,-1,3.79431,nan,nan,nan,4.99846,3.79782
74,17.62,3.791,299.113,0.933695,0.933531,-1,3.78375,nan,nan,nan,4.9984,3.78818
75,16.58,3.8,299.194,0.932705,0.932536,-1,3.79457,nan,nan,nan,4.99835,3.79701
76,17.86,3.782,299.278,0.931692,0.931517,-1,3.7755,nan,nan,nan,4.99829,3.77991
77,17.87,3.773,299.364,0.930672,0.930491,-1,3.77405,nan,nan,nan,4.99824,3.7768
78,17.68,3.775,299.446,0.92968,0.929493,-1,3.77165,nan,nan,nan,4.99819,3.77724
79,17.52,3.779,299.517,0.928764,0.92857,-1,3.77564,nan,nan,nan,4.99814,3.77836
80,16.35,3.793,299.586,0.927864,0.927665,-1,3.7901,nan,nan,nan,4.99809,3.7926
81,16.42,3.788,299.656,0.926947,0.926742,-1,3.78679,nan,nan,nan,4.99805,3.7917
82,16.64,3.786,299.722,0.926059,0.925848,-1,3.78561,nan,nan,nan,4.998,3.7876
83,16.47,3.794,299.791,0.925152,0.924936,-1,3.78603,nan,nan,nan,4.99796,3.79011
84,15.84,3.798,299.861,0.924232,0.92401,-1,3.79274,nan,nan,nan,4.99792,3.79607
85,16.7,3.785,299.93,0.923313,0.923087,-1,3.78141,nan,nan,nan,4.99787,3.78619
86,18.25,3.769,300.007,0.92234,0.922109,-1,3.76323,nan,nan,nan,4.99783,3.76629
87,15.67,3.792,300.08,0.92139,0.921152,-1,3.79099,nan,nan,nan,4.99779,3.79324
88,14.46,3.814,300.139,0.920548,0.920308,-1,3.80626,nan,nan,nan,4.99775,3.80955
89,16.02,3.793,300.198,0.9197,0.919456,-1,3.78902,nan,nan,nan,4.99771,3.79305
90,17.1,3.778,300.267,0.918772,0.918522,-1,3.77565,nan,nan,nan,4.99767,3.77952
91,15.76,3.797,300.33,0.917895,0.917639,-1,3.79276,nan,nan,nan,4.99763,3.79478
92,13.63,3.822,300.387,0.917055,0.916794,-1,3.81636,nan,nan,nan,4.99759,3.81915
93,16.97,3.779,300.442,0.916225,0.915961,-1,3.77918,nan,nan,nan,4.99756,3.78225
94,19.26,3.752,300.52,0.915221,0.91495,-1,3.75128,nan,nan,nan,4.99752,3.75215
95,17.03,3.775,300.599,0.914219,0.913942,-1,3.77367,nan,nan,nan,4.99747,3.77542
96,19.25,3.747,300.674,0.913242,0.912959,-1,3.74608,nan,nan,nan,4.99743,3.74945
97,20.09,3.733,300.767,0.912141,0.911853,-1,3.73209,nan,nan,nan,4.99739,3.73613
98,20.63,3.726,300.859,0.911053,0.910758,-1,3.7249,nan,nan,nan,4.99734,3.72755
99,20.57,3.726,300.949,0.909977,0.909675,-1,3.72143,nan,nan,nan,4.9973,3.7267
100,20.52,3.725,301.052,0.90882,0.908512,-1,3.71956,nan,nan,nan,4.99725,3.7235
101,20.03,3.725,301.145,0.90773,0.907414,-1,3.72527,nan,nan,nan,4.99721,3.72688
102,17.89,3.747,301.229,0.906694,0.906371,-1,3.74784,nan,nan,nan,4.99717,3.74991
103,18.82,3.742,301.31,0.905679,0.905352,-1,3.7397,nan,nan,nan,4.99713,3.74119
104,19.86,3.723,301.401,0.904593,0.90426,-1,3.72623,nan,nan,nan,4.99708,3.72774
105,19.24,3.733,301.49,0.903514,0.903175,-1,3.73209,nan,nan,nan,4.99704,3.73417
106,18.44,3.743,301.575,0.90247,0.902125,-1,3.74051,nan,nan,nan,4.997,3.74287
107,17.54,3.754,301.647,0.901502,0.901151,-1,3.7515,nan,nan,nan,4.99697,3.75423
108,19.35,3.732,301.725,0.900494,0.900137,-1,3.73296,nan,nan,nan,4.99693,3.73415
109,18.81,3.738,301.817,0.89939,0.899027,-1,3.7357,nan,nan,nan,4.99688,3.73796
110,16.58,3.762,301.887,0.898429,0.898061,-1,3.76139,nan,nan,nan,4.99685,3.76355
111,16.01,3.772,301.943,0.897565,0.897193,-1,3.76994,nan,nan,nan,4.99682,3.77303
112,16.94,3.764,302.004,0.896666,0.89629,-1,3.76107,nan,nan,nan,4.99678,3.76431
113,18.44,3.747,302.076,0.895673,0.895291,-1,3.74374,nan,nan,nan,4.99675,3.74681
114,17.62,3.756,302.149,0.89468,0.894292,-1,3.75448,nan,nan,nan,4.99671,3.756
115,17.66,3.752,302.215,0.893728,0.893335,-1,3.75402,nan,nan,nan,4.99667,3.75568
116,15.96,3.776,302.278,0.892796,0.892397,-1,3.77211,nan,nan,nan,4.99664,3.77521
117,18.82,3.742,302.344,0.891837,0.891433,-1,3.7423,nan,nan,nan,4.99661,3.74427
118,19.9,3.733,302.431,0.89074,0.89033,-1,3.72653,nan,nan,nan,4.99657,3.72863
119,18.21,3.744,302.509,0.889702,0.889286,-1,3.74486,nan,nan,nan,4.99653,3.74547
120,23.12,3.695,302.58,0.888704,0.888285,-1,3.6912,nan,nan,nan,4.99649,3.69419
121,21.75,3.702,302.692,0.887451,0.887023,-1,3.69938,nan,nan,nan,4.99645,3.70267
122,23.4,3.681,302.804,0.886195,0.885761,-1,3.67811,nan,nan,nan,4.9964,3.68121
123,16.45,3.755,302.916,0.884947,0.884506,-1,3.74905,nan,nan,nan,4.99636,3.75211
124,15.81,3.758,302.977,0.88403,0.883582,-1,3.76093,nan,nan,nan,4.99633,3.76198
125,17.39,3.747,303.039,0.883103,0.88265,-1,3.74773,nan,nan,nan,4.99629,3.74761
126,17.26,3.747,303.102,0.88215,0.881691,-1,3.74888,nan,nan,nan,4.99626,3.75118
127,17.92,3.745,303.171,0.881157,0.880692,-1,3.74382,nan,nan,nan,4.99623,3.74454
128,17.57,3.747,303.242,0.880147,0.879676,-1,3.74645,nan,nan,nan,4.99619,3.74851
129,16.42,3.762,303.303,0.879201,0.878723,-1,3.7591,nan,nan,nan,4.99616,3.76068
130,15.97,3.765,303.356,0.878314,0.87783,-1,3.7665,nan,nan,nan,4.99613,3.76779
131,14.21,3.789,303.405,0.877454,0.876966,-1,3.78673,nan,nan,nan,4.9961,3.78907
132,16.6,3.765,303.455,0.87658,0.876086,-1,3.762,nan,nan,nan,4.99607,3.76526
133,20.66,3.722,303.52,0.875586,0.875086,-1,3.71869,nan,nan,nan,4.99603,3.72122
134,19.25,3.735,303.602,0.874482,0.873975,-1,3.72811,nan,nan,nan,4.996,3.73189
135,17.29,3.751,303.675,0.873434,0.872923,-1,3.75214,nan,nan,nan,4.99596,3.75181
136,18.76,3.736,303.74,0.872445,0.87193,-1,3.73362,nan,nan,nan,4.99593,3.73573
137,17.86,3.743,303.805,0.871451,0.870932,-1,3.74279,nan,nan,nan,4.99589,3.74436
138,18.45,3.737,303.87,0.870456,0.869932,-1,3.73495,nan,nan,nan,4.99586,3.7377
139,20.04,3.719,303.938,0.869437,0.868907,-1,3.71964,nan,nan,nan,4.99583,3.72141
140,16.83,3.752,304.013,0.868377,0.86784,-1,3.75088,nan,nan,nan,4.99579,3.75213
141,19,3.73,304.076,0.867386,0.866845,-1,3.72703,nan,nan,nan,4.99576,3.73102
142,18.71,3.733,304.142,0.86638,0.865832,-1,3.73022,nan,nan,nan,4.99572,3.73379
143,17.48,3.74,304.205,0.865393,0.864838,-1,3.74329,nan,nan,nan,4.99569,3.74512
144,16.37,3.755,304.262,0.864443,0.863884,-1,3.75483,nan,nan,nan,4.99566,3.75854
145,17.66,3.742,304.32,0.863479,0.862913,-1,3.74345,nan,nan,nan,4.99563,3.74456
146,17.99,3.739,304.378,0.862521,0.861951,-1,3.73852,nan,nan,nan,4.9956,3.73965
147,19.09,3.727,304.442,0.861507,0.860933,-1,3.72639,nan,nan,nan,4.99556,3.72822
148,18.04,3.739,304.51,0.860475,0.859897,-1,3.73542,nan,nan,nan,4.99553,3.73812
149,15.27,3.769,304.567,0.859514,0.85893,-1,3.76645,nan,nan,nan,4.9955,3.76623
150,15.69,3.761,304.611,0.858645,0.858057,-1,3.76108,nan,nan,nan,4.99547,3.76365
151,17.11,3.75,304.662,0.857719,0.857126,-1,3.74732,nan,nan,nan,4.99544,3.74938
152,19.2,3.727,304.726,0.856696,0.856099,-1,3.72519,nan,nan,nan,4.99541,3.72717
153,17.25,3.746,304.79,0.855678,0.855075,-1,3.74342,nan,nan,nan,4.99537,3.74497
154,18.97,3.725,304.847,0.8547,0.854093,-1,3.72663,nan,nan,nan,4.99534,3.72692
155,18.9,3.726,304.919,0.853626,0.853015,-1,3.72294,nan,nan,nan,4.99531,3.72595
156,19.89,3.713,304.986,0.852578,0.851961,-1,3.71237,nan,nan,nan,4.99527,3.71536
157,18.77,3.724,305.051,0.851544,0.85092,-1,3.72351,nan,nan,nan,4.99524,3.72481
158,17.98,3.73,305.119,0.850494,0.849865,-1,3.73,nan,nan,nan,4.99521,3.73155
159,17.96,3.731,305.183,0.849464,0.848828,-1,3.72816,nan,nan,nan,4.99517,3.73093
160,18.54,3.726,305.243,0.848458,0.847817,-1,3.72152,nan,nan,nan,4.99514,3.72597
161,16.24,3.749,305.297,0.847499,0.846852,-1,3.74675,nan,nan,nan,4.99511,3.74881
162,16.25,3.749,305.337,0.846641,0.84599,-1,3.74861,nan,nan,nan,4.99508,3.75086
163,15.47,3.759,305.383,0.845726,0.845071,-1,3.75721,nan,nan,nan,4.99506,3.75894
164,15.76,3.756,305.424,0.844849,0.844189,-1,3.7557,nan,nan,nan,4.99503,3.75789
165,18.6,3.729,305.47,0.84393,0.843265,-1,3.72783,nan,nan,nan,4.995,3.72939
166,15.04,3.765,305.519,0.842984,0.842313,-1,3.76146,nan,nan,nan,4.99497,3.76365
167,15.8,3.758,305.554,0.842147,0.841471,-1,3.75569,nan,nan,nan,4.99494,3.7576
168,17.02,3.747,305.595,0.841254,0.840574,-1,3.74547,nan,nan,nan,4.99491,3.74491
169,18.3,3.733,305.645,0.84029,0.839604,-1,3.72982,nan,nan,nan,4.99488,3.73155
170,20.76,3.703,305.709,0.839235,0.838542,-1,3.7029,nan,nan,nan,4.99485,3.70353
171,17.58,3.728,305.777,0.838148,0.837451,-1,3.73144,nan,nan,nan,4.99482,3.73245
172,17.31,3.733,305.828,0.837178,0.836476,-1,3.73384,nan,nan,nan,4.99479,3.73413
173,16.52,3.744,305.876,0.836235,0.835528,-1,3.74128,nan,nan,nan,4.99476,3.74254
174,16,3.748,305.917,0.83534,0.834628,-1,3.74689,nan,nan,nan,4.99473,3.74843
175,18.24,3.727,305.959,0.834434,0.833718,-1,3.72529,nan,nan,nan,4.9947,3.72683
176,18.59,3.724,306.015,0.83342,0.832699,-1,3.71967,nan,nan,nan,4.99467,3.7212
177,17.74,3.728,306.077,0.832361,0.831634,-1,3.72435,nan,nan,nan,4.99464,3.7268
178,16.92,3.734,306.125,0.831412,0.830681,-1,3.7313,nan,nan,nan,4.99461,3.73381
179,14.98,3.756,306.159,0.830559,0.829825,-1,3.75354,nan,nan,nan,4.99458,3.75615
180,16.38,3.744,306.198,0.829663,0.828923,-1,3.73876,nan,nan,nan,4.99456,3.74211
181,18.99,3.714,306.243,0.828724,0.82798,-1,3.71368,nan,nan,nan,4.99453,3.71624
182,19.09,3.711,306.301,0.827684,0.826936,-1,3.71094,nan,nan,nan,4.99449,3.71257
183,17.32,3.727,306.359,0.826644,0.825891,-1,3.72629,nan,nan,nan,4.99446,3.72729
184,17.34,3.727,306.409,0.825665,0.824906,-1,3.72491,nan,nan,nan,4.99443,3.7268
185,18.36,3.718,306.456,0.824706,0.823943,-1,3.71363,nan,nan,nan,4.9944,3.71703
186,17.54,3.725,306.506,0.823719,0.822952,-1,3.72046,nan,nan,nan,4.99437,3.72359
187,16.17,3.737,306.547,0.822799,0.822027,-1,3.73519,nan,nan,nan,4.99435,3.73745
188,17.32,3.73,306.589,0.821865,0.821088,-1,3.72339,nan,nan,nan,4.99432,3.72623
189,17.32,3.72,306.635,0.820903,0.820121,-1,3.72377,nan,nan,nan,4.99429,3.72482
190,18.05,3.72,306.673,0.820003,0.819217,-1,3.71636,nan,nan,nan,4.99426,3.71926
191,17.45,3.725,306.72,0.819025,0.818233,-1,3.72035,nan,nan,nan,4.99423,3.72357
192,18.52,3.712,306.772,0.818011,0.817213,-1,3.70939,nan,nan,nan,4.9942,3.7109
193,19.83,3.695,306.834,0.816931,0.816127,-1,3.69318,nan,nan,nan,4.99417,3.69619
194,16.62,3.726,306.891,0.815884,0.815073,-1,3.72232,nan,nan,nan,4.99414,3.72351
195,15.37,3.734,306.932,0.814951,0.814136,-1,3.73441,nan,nan,nan,4.99411,3.73565
196,16.03,3.73,306.962,0.814103,0.813284,-1,3.73034,nan,nan,nan,4.99408,3.73277
197,16.02,3.735,306.996,0.813221,0.812398,-1,3.73174,nan,nan,nan,4.99406,3.73334
198,17.27,3.722,307.034,0.812293,0.811466,-1,3.72042,nan,nan,nan,4.99403,3.72126
199,14.22,3.751,307.07,0.811391,0.810558,-1,3.74829,nan,nan,nan,4.994,3.75006
200,17.35,3.72,307.095,0.810567,0.809729,-1,3.72048,nan,nan,nan,4.99398,3.72193
201,19.99,3.695,307.145,0.809549,0.808706,-1,3.6934,nan,nan,nan,4.99395,3.69371
202,20.72,3.682,307.207,0.808447,0.807599,-1,3.67956,nan,nan,nan,4.99392,3.6834
203,18.26,3.705,307.267,0.807363,0.806509,-1,3.69961,nan,nan,nan,4.99388,3.70332
204,17.78,3.708,307.319,0.80633,0.80547,-1,3.70345,nan,nan,nan,4.99385,3.70634
205,17.79,3.71,307.361,0.805373,0.804509,-1,3.70378,nan,nan,nan,4.99382,3.70647
206,18.18,3.701,307.414,0.80434,0.803471,-1,3.69936,nan,nan,nan,4.99379,3.70065
207,19.14,3.689,307.466,0.803304,0.802429,-1,3.68684,nan,nan,nan,4.99376,3.6898
208,18.6,3.691,307.519,0.802261,0.801382,-1,3.69055,nan,nan,nan,4.99373,3.69379
209,19.05,3.69,307.567,0.801255,0.800373,-1,3.68792,nan,nan,nan,4.9937,3.68984
210,20.86,3.669,307.627,0.800165,0.799276,-1,3.66762,nan,nan,nan,4.99367,3.67017
211,18.9,3.688,307.691,0.79904,0.798146,-1,3.68359,nan,nan,nan,4.99364,3.68648
212,17.14,3.7,307.734,0.798071,0.797172,-1,3.69946,nan,nan,nan,4.99361,3.70323
213,16.42,3.71,307.775,0.797108,0.796205,-1,3.70837,nan,nan,nan,4.99358,3.71041
214,16.68,3.711,307.808,0.796204,0.795297,-1,3.70716,nan,nan,nan,4.99355,3.70922
215,17.8,3.698,307.839,0.795312,0.794401,-1,3.69781,nan,nan,nan,4.99353,3.70061
216,19.77,3.683,307.889,0.794274,0.793357,-1,3.67784,nan,nan,nan,4.9935,3.68033
217,17.97,3.696,307.935,0.793258,0.792335,-1,3.69412,nan,nan,nan,4.99347,3.69466
218,18.45,3.687,307.983,0.79223,0.791303,-1,3.68818,nan,nan,nan,4.99344,3.68973
219,20.7,3.666,308.036,0.791165,0.790231,-1,3.66351,nan,nan,nan,4.99341,3.6666
220,20.05,3.668,308.102,0.790013,0.789074,-1,3.66565,nan,nan,nan,4.99337,3.66895
221,16.11,3.707,308.143,0.789041,0.788098,-1,3.7039,nan,nan,nan,4.99335,3.70577
222,14.85,3.72,308.168,0.788186,0.787239,-1,3.71887,nan,nan,nan,4.99332,3.72047
223,15.48,3.715,308.188,0.787364,0.786415,-1,3.71446,nan,nan,nan,4.9933,3.71738
224,17.03,3.702,308.219,0.786451,0.785497,-1,3.69984,nan,nan,nan,4.99327,3.70283
225,17.69,3.7,308.25,0.785534,0.784577,-1,3.69497,nan,nan,nan,4.99324,3.69688
226,16.71,3.706,308.292,0.784533,0.783571,-1,3.7008,nan,nan,nan,4.99321,3.70313
227,18.92,3.682,308.333,0.783534,0.782568,-1,3.67833,nan,nan,nan,4.99319,3.68195
228,18.79,3.685,308.38,0.782492,0.781522,-1,3.67996,nan,nan,nan,4.99316,3.68104
229,18.53,3.68,308.426,0.781461,0.780486,-1,3.67853,nan,nan,nan,4.99313,3.68108
230,22.07,3.646,308.485,0.780334,0.779353,-1,3.64279,nan,nan,nan,4.99309,3.64465
231,18.53,3.676,308.548,0.779191,0.778205,-1,3.67305,nan,nan,nan,4.99306,3.67427
232,16.77,3.688,308.591,0.778177,0.777188,-1,3.68907,nan,nan,nan,4.99303,3.69096
233,13.37,3.723,308.612,0.777343,0.776349,-1,3.72354,nan,nan,nan,4.99301,3.72523
234,15.46,3.714,308.623,0.776578,0.775582,-1,3.7067,nan,nan,nan,4.99299,3.71034
235,16.02,3.706,308.646,0.775704,0.774704,-1,3.70335,nan,nan,nan,4.99296,3.70455
236,15.67,3.706,308.677,0.774769,0.773764,-1,3.70526,nan,nan,nan,4.99293,3.7073
237,17.18,3.698,308.702,0.773874,0.772865,-1,3.69345,nan,nan,nan,4.99291,3.69408
238,17.41,3.689,308.73,0.772951,0.771936,-1,3.68937,nan,nan,nan,4.99288,3.69067
239,16.84,3.696,308.76,0.77202,0.771,-1,3.69238,nan,nan,nan,4.99285,3.695
240,25.58,3.614,308.799,0.771015,0.769991,-1,3.61333,nan,nan,nan,4.99283,3.61324
241,22.75,3.634,308.889,0.769663,0.768633,-1,3.62813,nan,nan,nan,4.99279,3.63049
242,21.84,3.634,308.969,0.76839,0.767355,-1,3.63032,nan,nan,nan,4.99275,3.63317
243,18.53,3.658,309.053,0.767095,0.766055,-1,3.65627,nan,nan,nan,4.99271,3.65844
244,18.93,3.656,309.096,0.766078,0.765031,-1,3.65368,nan,nan,nan,4.99269,3.65611
245,17.16,3.67,309.134,0.765091,0.764042,-1,3.6721,nan,nan,nan,4.99266,3.67323
246,16.24,3.681,309.166,0.764143,0.763089,-1,3.68184,nan,nan,nan,4.99263,3.68465
247,15.23,3.698,309.185,0.763296,0.762238,-1,3.69333,nan,nan,nan,4.99261,3.69701
248,14.61,3.704,309.202,0.762458,0.761396,-1,3.70313,nan,nan,nan,4.99258,3.70411
249,15.82,3.693,309.219,0.761608,0.760545,-1,3.69457,nan,nan,nan,4.99256,3.69554
250,18.47,3.673,309.244,0.760694,0.759626,-1,3.66896,nan,nan,nan,4.99253,3.67099
251,17.82,3.675,309.283,0.759673,0.758602,-1,3.67159,nan,nan,nan,4.9925,3.67536
252,17.58,3.674,309.315,0.758698,0.757621,-1,3.67341,nan,nan,nan,4.99248,3.67635
253,16.16,3.688,309.342,0.757766,0.756683,-1,3.68725,nan,nan,nan,4.99245,3.68842
254,19,3.659,309.382,0.756731,0.755644,-1,3.65777,nan,nan,nan,4.99242,3.66025
255,16.29,3.689,309.411,0.75578,0.754689,-1,3.68187,nan,nan,nan,4.99239,3.68428
256,17.69,3.667,309.441,0.754822,0.753726,-1,3.66914,nan,nan,nan,4.99237,3.67067
257,20.65,3.645,309.487,0.75374,0.75264,-1,3.64005,nan,nan,nan,4.99234,3.64188
258,21.97,3.624,309.546,0.752576,0.751472,-1,3.62336,nan,nan,nan,4.9923,3.62602
259,19.79,3.639,309.611,0.751366,0.750258,-1,3.63942,nan,nan,nan,4.99227,3.6416
260,20.87,3.63,309.665,0.750237,0.749123,-1,3.62771,nan,nan,nan,4.99224,3.62951
261,21.85,3.62,309.726,0.749064,0.747945,-1,3.61782,nan,nan,nan,4.99221,3.61861
262,20.25,3.633,309.789,0.747876,0.746751,-1,3.62727,nan,nan,nan,4.99217,3.63085
263,20.66,3.626,309.84,0.746765,0.745634,-1,3.62504,nan,nan,nan,4.99214,3.62693
264,17.52,3.655,309.88,0.745736,0.7446,-1,3.65416,nan,nan,nan,4.99211,3.65584
265,17.24,3.657,309.912,0.744757,0.743616,-1,3.6573,nan,nan,nan,4.99209,3.65923
266,14.73,3.683,309.941,0.743799,0.742655,-1,3.68138,nan,nan,nan,4.99206,3.68364
267,16.55,3.671,309.956,0.742941,0.741792,-1,3.66733,nan,nan,nan,4.99203,3.67087
268,16.43,3.673,309.978,0.742023,0.74087,-1,3.67032,nan,nan,nan,4.99201,3.67214
269,14.64,3.694,309.989,0.741201,0.740044,-1,3.68868,nan,nan,nan,4.99199,3.69075
270,16.27,3.676,310.011,0.740275,0.739113,-1,3.67314,nan,nan,nan,4.99196,3.67586
271,18.1,3.66,310.032,0.739354,0.738187,-1,3.65907,nan,nan,nan,4.99193,3.65956
272,17.27,3.664,310.055,0.738412,0.73724,-1,3.66355,nan,nan,nan,4.99191,3.66601
273,16.47,3.671,310.08,0.737462,0.736285,-1,3.66834,nan,nan,nan,4.99188,3.67177
274,14.69,3.688,310.096,0.736581,0.7354,-1,3.68476,nan,nan,nan,4.99186,3.68807
275,15.01,3.687,310.106,0.735738,0.734552,-1,3.68413,nan,nan,nan,4.99183,3.68529
276,16.63,3.674,310.121,0.734863,0.733674,-1,3.66872,nan,nan,nan,4.99181,3.67212
277,19.11,3.651,310.151,0.733864,0.73267,-1,3.64522,nan,nan,nan,4.99178,3.64701
278,21.86,3.618,310.194,0.732761,0.731561,-1,3.61574,nan,nan,nan,4.99175,3.61941
279,19.78,3.634,310.248,0.731591,0.730385,-1,3.63046,nan,nan,nan,4.99172,3.63247
280,17.54,3.651,310.284,0.730558,0.729348,-1,3.64921,nan,nan,nan,4.99169,3.651
281,17.25,3.653,310.307,0.729621,0.728407,-1,3.65292,nan,nan,nan,4.99167,3.65493
282,18.12,3.649,310.329,0.728682,0.727464,-1,3.64656,nan,nan,nan,4.99164,3.64817
283,17.3,3.653,310.357,0.727704,0.726481,-1,3.65113,nan,nan,nan,4.99161,3.65445
284,18.74,3.643,310.384,0.726719,0.725491,-1,3.63894,nan,nan,nan,4.99159,3.64107
285,17.38,3.655,310.411,0.725742,0.724509,-1,3.64914,nan,nan,nan,4.99156,3.652
286,17.2,3.654,310.438,0.724757,0.72352,-1,3.65058,nan,nan,nan,4.99153,3.6535
287,17.11,3.654,310.462,0.723804,0.722561,-1,3.65209,nan,nan,nan,4.99151,3.65356
288,16.9,3.659,310.479,0.722896,0.72165,-1,3.65453,nan,nan,nan,4.99148,3.65666
289,17.03,3.652,310.5,0.721959,0.720708,-1,3.65214,nan,nan,nan,4.99146,3.65512
290,13.2,3.686,310.512,0.721093,0.719838,-1,3.68761,nan,nan,nan,4.99143,3.68929
291,15.02,3.675,310.515,0.720294,0.719036,-1,3.67165,nan,nan,nan,4.99141,3.67549
292,15.84,3.671,310.521,0.71947,0.718208,-1,3.66605,nan,nan,nan,4.99139,3.66922
293,16,3.674,310.53,0.718616,0.71735,-1,3.66465,nan,nan,nan,4.99136,3.66769
294,18.92,3.64,310.555,0.717628,0.716357,-1,3.63745,nan,nan,nan,4.99134,3.63879
295,19.13,3.632,310.591,0.716562,0.715288,-1,3.6319,nan,nan,nan,4.99131,3.6332
296,18.84,3.634,310.623,0.715527,0.714249,-1,3.62979,nan,nan,nan,4.99128,3.63279
297,15.75,3.66,310.647,0.71456,0.713277,-1,3.65774,nan,nan,nan,4.99125,3.65955
298,16.63,3.652,310.665,0.713633,0.712347,-1,3.6501,nan,nan,nan,4.99123,3.65239
299,16.05,3.66,310.681,0.712725,0.711435,-1,3.65577,nan,nan,nan,4.9912,3.657
300,15.71,3.661,310.694,0.711832,0.710539,-1,3.65726,nan,nan,nan,4.99118,3.66061
301,18.88,3.635,310.709,0.710926,0.709629,-1,3.63199,nan,nan,nan,4.99116,3.63362
302,19.96,3.621,310.741,0.709882,0.70858,-1,3.61736,nan,nan,nan,4.99113,3.62043
303,18.76,3.629,310.778,0.708808,0.707502,-1,3.62463,nan,nan,nan,4.9911,3.62747
304,18.15,3.633,310.805,0.707808,0.706497,-1,3.629,nan,nan,nan,4.99107,3.63273
305,18.62,3.629,310.834,0.706792,0.705477,-1,3.62354,nan,nan,nan,4.99104,3.62674
306,18.43,3.625,310.866,0.705752,0.704434,-1,3.62441,nan,nan,nan,4.99102,3.62702
307,17.69,3.631,310.898,0.704709,0.703386,-1,3.62814,nan,nan,nan,4.99099,3.63165
308,17.41,3.636,310.924,0.703714,0.702387,-1,3.63017,nan,nan,nan,4.99096,3.6345
309,16.16,3.646,310.939,0.702812,0.701481,-1,3.64359,nan,nan,nan,4.99094,3.64672
310,17.97,3.627,310.957,0.701875,0.700539,-1,3.6284,nan,nan,nan,4.99091,3.63082
311,17.75,3.633,310.979,0.7009,0.699559,-1,3.62871,nan,nan,nan,4.99089,3.63301
312,16.4,3.641,310.999,0.699945,0.698599,-1,3.6403,nan,nan,nan,4.99086,3.64392
313,17.46,3.636,311.013,0.699034,0.697683,-1,3.63257,nan,nan,nan,4.99084,3.63518
314,20.14,3.612,311.035,0.69806,0.696702,-1,3.60815,nan,nan,nan,4.99081,3.61063
315,18.75,3.621,311.066,0.69701,0.695648,-1,3.61658,nan,nan,nan,4.99078,3.61957
316,19.1,3.611,311.103,0.695926,0.694559,-1,3.61155,nan,nan,nan,4.99075,3.61378
317,17.19,3.629,311.132,0.694891,0.69352,-1,3.62584,nan,nan,nan,4.99073,3.62822
318,17.62,3.624,311.161,0.693867,0.692492,-1,3.62195,nan,nan,nan,4.9907,3.62397
319,17.78,3.626,311.18,0.692913,0.691533,-1,3.61996,nan,nan,nan,4.99067,3.62285
320,18.46,3.616,311.203,0.691924,0.69054,-1,3.61356,nan,nan,nan,4.99065,3.61698
321,20.36,3.598,311.236,0.690862,0.689474,-1,3.59504,nan,nan,nan,4.99062,3.59803
322,19.7,3.598,311.275,0.689755,0.688362,-1,3.5977,nan,nan,nan,4.99059,3.60012
323,19.04,3.602,311.307,0.6887,0.687303,-1,3.60222,nan,nan,nan,4.99056,3.60506
324,19.59,3.602,311.33,0.687712,0.68631,-1,3.59863,nan,nan,nan,4.99054,3.60066
325,20.04,3.592,311.368,0.686613,0.685207,-1,3.593,nan,nan,nan,4.99051,3.59481
326,16.89,3.619,311.396,0.685582,0.684172,-1,3.61604,nan,nan,nan,4.99048,3.62107
327,14.88,3.639,311.401,0.684737,0.683325,-1,3.63868,nan,nan,nan,4.99046,3.64057
328,14.41,3.65,311.404,0.683904,0.682488,-1,3.64512,nan,nan,nan,4.99043,3.64653
329,14.78,3.647,311.402,0.683118,0.681699,-1,3.64446,nan,nan,nan,4.99041,3.64595
330,16.12,3.631,311.408,0.682248,0.680823,-1,3.63279,nan,nan,nan,4.99039,3.63527
331,17.68,3.619,311.42,0.681322,0.679895,-1,3.61711,nan,nan,nan,4.99037,3.62011
332,15.22,3.635,311.429,0.680429,0.678998,-1,3.63765,nan,nan,nan,4.99034,3.64007
333,17.6,3.616,311.442,0.679498,0.678064,-1,3.61579,nan,nan,nan,4.99032,3.61834
334,16.72,3.622,311.462,0.678506,0.677065,-1,3.62021,nan,nan,nan,4.99029,3.62372
335,17.9,3.609,311.477,0.677565,0.676121,-1,3.60958,nan,nan,nan,4.99027,3.61268
336,19.65,3.598,311.501,0.676543,0.675096,-1,3.59028,nan,nan,nan,4.99024,3.59551
337,18.7,3.599,311.53,0.675492,0.67404,-1,3.5988,nan,nan,nan,4.99021,3.60045
338,18.28,3.601,311.561,0.674418,0.672961,-1,3.59811,nan,nan,nan,4.99019,3.60059
339,18.58,3.593,311.585,0.673405,0.671945,-1,3.59591,nan,nan,nan,4.99016,3.59625
340,20.19,3.582,311.62,0.67231,0.670847,-1,3.57721,nan,nan,nan,4.99013,3.58112
341,20.68,3.575,311.66,0.67118,0.669714,-1,3.571,nan,nan,nan,4.9901,3.57315
342,17.18,3.599,311.689,0.670125,0.668655,-1,3.59866,nan,nan,nan,4.99007,3.60266
343,18.51,3.593,311.711,0.669135,0.66766,-1,3.58847,nan,nan,nan,4.99005,3.59089
344,20.24,3.575,311.742,0.668064,0.666586,-1,3.5715,nan,nan,nan,4.99002,3.57417
345,19.79,3.576,311.776,0.666968,0.665486,-1,3.57399,nan,nan,nan,4.98999,3.57644
346,20.81,3.56,311.816,0.665835,0.664349,-1,3.56269,nan,nan,nan,4.98996,3.56505
347,18.4,3.583,311.858,0.664686,0.663193,-1,3.57977,nan,nan,nan,4.98993,3.5838
348,18.42,3.584,311.886,0.663639,0.662142,-1,3.57934,nan,nan,nan,4.9899,3.58218
349,16.12,3.604,311.899,0.66271,0.66121,-1,3.6016,nan,nan,nan,4.98988,3.60416
350,16.91,3.599,311.909,0.661805,0.660301,-1,3.59603,nan,nan,nan,4.98986,3.59942
351,16.82,3.596,311.924,0.660844,0.659336,-1,3.5963,nan,nan,nan,4.98983,3.59976
352,16.88,3.599,311.933,0.659934,0.658422,-1,3.59666,nan,nan,nan,4.98981,3.59902
353,15.63,3.612,311.938,0.659057,0.657541,-1,3.60807,nan,nan,nan,4.98979,3.61083
354,17.4,3.594,311.946,0.658145,0.656627,-1,3.59386,nan,nan,nan,4.98976,3.59601
355,18.07,3.587,311.975,0.657066,0.655544,-1,3.58379,nan,nan,nan,4.98973,3.58646
356,21.63,3.552,312.003,0.656001,0.654475,-1,3.55012,nan,nan,nan,4.98971,3.55427
357,21.19,3.555,312.043,0.654845,0.653314,-1,3.54833,nan,nan,nan,4.98968,3.55285
358,20.8,3.554,312.081,0.653714,0.65218,-1,3.55043,nan,nan,nan,4.98965,3.55368
359,20.16,3.561,312.116,0.652602,0.651063,-1,3.55451,nan,nan,nan,4.98962,3.55764
360,26.27,3.505,312.15,0.651491,0.649948,-1,3.50143,nan,nan,nan,4.98959,3.50408
361,25.27,3.505,312.235,0.650051,0.648502,-1,3.50197,nan,nan,nan,4.98955,3.50508
362,21.16,3.538,312.295,0.648773,0.647219,-1,3.53331,nan,nan,nan,4.98952,3.53487
363,15.56,3.581,312.34,0.647599,0.646041,-1,3.57836,nan,nan,nan,4.98949,3.58169
364,18,3.566,312.358,0.646621,0.64506,-1,3.56101,nan,nan,nan,4.98946,3.56443
365,15.23,3.59,312.367,0.64571,0.644144,-1,3.58806,nan,nan,nan,4.98944,3.59142
366,15.89,3.588,312.372,0.644827,0.643257,-1,3.58524,nan,nan,nan,4.98942,3.58829
367,15.43,3.592,312.375,0.643946,0.642372,-1,3.59037,nan,nan,nan,4.98939,3.59402
368,17.44,3.577,312.386,0.642997,0.641419,-1,3.57445,nan,nan,nan,4.98937,3.57671
369,16.9,3.583,312.391,0.642095,0.640513,-1,3.57897,nan,nan,nan,4.98935,3.58255
370,18.32,3.569,312.403,0.641136,0.639549,-1,3.56684,nan,nan,nan,4.98932,3.56974
371,18.09,3.567,312.424,0.640103,0.638511,-1,3.56551,nan,nan,nan,4.9893,3.5689
372,17.72,3.572,312.439,0.639112,0.637517,-1,3.56688,nan,nan,nan,4.98927,3.57067
373,16.36,3.588,312.446,0.638191,0.636593,-1,3.57973,nan,nan,nan,4.98925,3.58227
374,18.34,3.564,312.454,0.637261,0.635659,-1,3.56288,nan,nan,nan,4.98922,3.5656
375,18.43,3.566,312.478,0.636199,0.634594,-1,3.55755,nan,nan,nan,4.9892,3.56216
376,16.37,3.581,312.489,0.635246,0.633637,-1,3.57577,nan,nan,nan,4.98917,3.57892
377,17.65,3.568,312.499,0.634293,0.63268,-1,3.56485,nan,nan,nan,4.98915,3.56857
378,16.7,3.578,312.504,0.63339,0.631772,-1,3.57518,nan,nan,nan,4.98912,3.57625
379,16.54,3.577,312.515,0.632429,0.630808,-1,3.5746,nan,nan,nan,4.9891,3.57649
380,16.22,3.58,312.526,0.631465,0.62984,-1,3.57576,nan,nan,nan,4.98908,3.57768
381,18.63,3.555,312.541,0.630475,0.628846,-1,3.55383,nan,nan,nan,4.98905,3.55625
382,19.22,3.55,312.562,0.629427,0.627796,-1,3.54599,nan,nan,nan,4.98902,3.54927
383,17.49,3.564,312.577,0.628436,0.626799,-1,3.5592,nan,nan,nan,4.989,3.56333
384,15.11,3.585,312.58,0.627544,0.625903,-1,3.58197,nan,nan,nan,4.98898,3.58356
385,15.54,3.585,312.577,0.626703,0.625059,-1,3.57966,nan,nan,nan,4.98895,3.58165
386,15.28,3.584,312.581,0.625794,0.624147,-1,3.58149,nan,nan,nan,4.98893,3.58341
387,16.03,3.573,312.574,0.624974,0.623326,-1,3.57664,nan,nan,nan,4.98891,3.57879
388,17.05,3.569,312.576,0.624082,0.62243,-1,3.56699,nan,nan,nan,4.98889,3.56938
389,20.75,3.537,312.6,0.623005,0.621349,-1,3.53238,nan,nan,nan,4.98886,3.53558
390,20.39,3.532,312.633,0.621866,0.620205,-1,3.53151,nan,nan,nan,4.98883,3.53319
391,19.81,3.534,312.659,0.62078,0.619114,-1,3.5342,nan,nan,nan,4.98881,3.53489
392,17.94,3.548,312.679,0.619745,0.618076,-1,3.54852,nan,nan,nan,4.98878,3.55004
393,17.86,3.548,312.698,0.618717,0.617044,-1,3.54751,nan,nan,nan,4.98875,3.55002
394,19.59,3.535,312.721,0.617665,0.615988,-1,3.53158,nan,nan,nan,4.98873,3.53428
395,18.92,3.54,312.741,0.616627,0.614946,-1,3.53658,nan,nan,nan,4.9887,3.5386
396,19.19,3.535,312.764,0.615569,0.613883,-1,3.5335,nan,nan,nan,4.98867,3.53566
397,19.12,3.537,312.783,0.614539,0.612848,-1,3.53321,nan,nan,nan,4.98865,3.53531
398,18.69,3.536,312.809,0.613458,0.611764,-1,3.53473,nan,nan,nan,4.98862,3.53675
399,17.93,3.544,312.826,0.612437,0.610739,-1,3.54059,nan,nan,nan,4.9886,3.54329
400,16.09,3.559,312.831,0.61152,0.609818,-1,3.55841,nan,nan,nan,4.98857,3.56044
401,16.6,3.559,312.834,0.610621,0.608915,-1,3.55547,nan,nan,nan,4.98855,3.55805
402,16.5,3.562,312.843,0.609662,0.607951,-1,3.55538,nan,nan,nan,4.98853,3.55826
403,16.37,3.561,312.844,0.60877,0.607056,-1,3.55746,nan,nan,nan,4.9885,3.56101
404,17.46,3.549,312.848,0.607847,0.606129,-1,3.54898,nan,nan,nan,4.98848,3.55094
405,15.36,3.568,312.851,0.606934,0.605211,-1,3.56591,nan,nan,nan,4.98846,3.5685
406,15.62,3.566,312.849,0.606061,0.604334,-1,3.56482,nan,nan,nan,4.98844,3.56651
407,17.18,3.554,312.85,0.605158,0.603427,-1,3.55298,nan,nan,nan,4.98841,3.55365
408,18.73,3.538,312.87,0.604101,0.602366,-1,3.53668,nan,nan,nan,4.98839,3.5368
409,17.54,3.548,312.877,0.603153,0.601416,-1,3.54497,nan,nan,nan,4.98836,3.54605
410,18.56,3.536,312.888,0.602166,0.600426,-1,3.53399,nan,nan,nan,4.98834,3.53647
411,18.61,3.533,312.903,0.601154,0.599409,-1,3.53197,nan,nan,nan,4.98831,3.53498
412,18.51,3.533,312.92,0.600124,0.598375,-1,3.53084,nan,nan,nan,4.98829,3.53345
413,16.82,3.549,312.926,0.599189,0.597438,-1,3.54582,nan,nan,nan,4.98827,3.54791
414,18.19,3.538,312.94,0.598184,0.596429,-1,3.53324,nan,nan,nan,4.98824,3.5355
415,19.22,3.524,312.962,0.597113,0.595354,-1,3.52281,nan,nan,nan,4.98821,3.52406
416,20.81,3.51,312.985,0.596035,0.594272,-1,3.50728,nan,nan,nan,4.98819,3.50983
417,18.67,3.52,313.012,0.594936,0.593169,-1,3.52348,nan,nan,nan,4.98816,3.5241
418,18.51,3.525,313.03,0.593902,0.592134,-1,3.5235,nan,nan,nan,4.98813,3.52555
419,14.35,3.564,313.038,0.592949,0.59118,-1,3.55839,nan,nan,nan,4.98811,3.56114
420,16.29,3.553,313.029,0.592136,0.590362,-1,3.54706,nan,nan,nan,4.98809,3.54857
421,16.87,3.541,313.035,0.591192,0.589415,-1,3.54081,nan,nan,nan,4.98807,3.54252
422,17.99,3.528,313.044,0.590217,0.588438,-1,3.53016,nan,nan,nan,4.98804,3.53379
423,17.44,3.537,313.052,0.589251,0.587467,-1,3.5357,nan,nan,nan,4.98802,3.53653
424,19.01,3.524,313.064,0.58825,0.586463,-1,3.52042,nan,nan,nan,4.988,3.52277
425,19.85,3.513,313.089,0.587152,0.58536,-1,3.51153,nan,nan,nan,4.98797,3.51218
426,18.93,3.521,313.108,0.586105,0.58431,-1,3.51434,nan,nan,nan,4.98794,3.51816
427,18.89,3.52,313.126,0.58506,0.583261,-1,3.51556,nan,nan,nan,4.98792,3.51787
428,18.4,3.52,313.146,0.584005,0.582202,-1,3.51888,nan,nan,nan,4.98789,3.52031
429,17.48,3.531,313.159,0.583002,0.581195,-1,3.52446,nan,nan,nan,4.98787,3.52835
430,16.81,3.535,313.16,0.582098,0.580287,-1,3.53285,nan,nan,nan,4.98785,3.53463
431,16.97,3.529,313.168,0.581133,0.579318,-1,3.53195,nan,nan,nan,4.98782,3.53345
432,17.39,3.532,313.168,0.58023,0.578411,-1,3.52878,nan,nan,nan,4.9878,3.53068
433,18.05,3.521,313.18,0.579224,0.577402,-1,3.52266,nan,nan,nan,4.98778,3.52433
434,18.82,3.52,313.191,0.578227,0.576403,-1,3.51583,nan,nan,nan,4.98775,3.51705
435,17.59,3.527,313.205,0.577213,0.575384,-1,3.52269,nan,nan,nan,4.98773,3.52538
436,18.64,3.521,313.213,0.576242,0.574411,-1,3.51458,nan,nan,nan,4.9877,3.51717
437,18.07,3.519,313.229,0.575205,0.57337,-1,3.51662,nan,nan,nan,4.98768,3.51999
438,16.78,3.532,313.238,0.574224,0.572384,-1,3.52747,nan,nan,nan,4.98765,3.52991
439,16.73,3.533,313.24,0.573302,0.571459,-1,3.52913,nan,nan,nan,4.98763,3.53086
440,17.61,3.523,313.243,0.572368,0.570522,-1,3.52224,nan,nan,nan,4.98761,3.52479
441,19.47,3.506,313.259,0.571328,0.569478,-1,3.50394,nan,nan,nan,4.98758,3.5067
442,18.57,3.514,313.281,0.570244,0.568391,-1,3.50791,nan,nan,nan,4.98756,3.51117
443,16.63,3.527,313.294,0.569231,0.567373,-1,3.52443,nan,nan,nan,4.98753,3.52649
444,17.58,3.521,313.296,0.568311,0.566449,-1,3.51749,nan,nan,nan,4.98751,3.51941
445,17.75,3.518,313.302,0.567353,0.565488,-1,3.51667,nan,nan,nan,4.98749,3.5178
446,16.65,3.529,313.303,0.566437,0.564569,-1,3.52598,nan,nan,nan,4.98747,3.52821
447,14.34,3.548,313.296,0.565592,0.56372,-1,3.54558,nan,nan,nan,4.98744,3.54826
448,15.31,3.54,313.283,0.564789,0.562914,-1,3.53832,nan,nan,nan,4.98743,3.54142
449,17.38,3.525,313.284,0.563868,0.561988,-1,3.5203,nan,nan,nan,4.9874,3.52433
450,14.88,3.54,313.284,0.562949,0.561068,-1,3.54065,nan,nan,nan,4.98738,3.54336
451,18.76,3.513,313.284,0.56203,0.560144,-1,3.50877,nan,nan,nan,4.98736,3.51073
452,17.91,3.515,313.297,0.561004,0.559115,-1,3.51236,nan,nan,nan,4.98733,3.51485
453,19.45,3.498,313.305,0.56002,0.558128,-1,3.49854,nan,nan,nan,4.98731,3.50038
454,21.04,3.486,313.325,0.558943,0.557048,-1,3.48101,nan,nan,nan,4.98729,3.48453
455,21,3.482,313.353,0.557811,0.555913,-1,3.47937,nan,nan,nan,4.98726,3.48131
456,23.61,3.458,313.392,0.556602,0.5547,-1,3.45367,nan,nan,nan,4.98723,3.45593
457,20.13,3.48,313.433,0.555378,0.553471,-1,3.47817,nan,nan,nan,4.9872,3.48032
458,17.39,3.502,313.455,0.554305,0.552394,-1,3.50075,nan,nan,nan,4.98717,3.50276
459,18.98,3.488,313.471,0.55327,0.551356,-1,3.48727,nan,nan,nan,4.98715,3.48977
460,19.55,3.488,313.488,0.55223,0.550313,-1,3.48283,nan,nan,nan,4.98712,3.48532
461,20.56,3.478,313.51,0.551145,0.549224,-1,3.47497,nan,nan,nan,4.9871,3.4768
462,21.42,3.463,313.547,0.549948,0.548023,-1,3.46365,nan,nan,nan,4.98707,3.46559
463,17.89,3.496,313.571,0.548849,0.546921,-1,3.492,nan,nan,nan,4.98704,3.49373
464,17.87,3.496,313.578,0.547886,0.545954,-1,3.49345,nan,nan,nan,4.98702,3.49621
465,20.01,3.475,313.598,0.546813,0.544876,-1,3.47472,nan,nan,nan,4.987,3.4777
466,17.82,3.498,313.615,0.545763,0.543822,-1,3.49245,nan,nan,nan,4.98697,3.49542
467,19.27,3.486,313.623,0.54478,0.542835,-1,3.48158,nan,nan,nan,4.98695,3.48468
468,20.69,3.469,313.644,0.543689,0.541742,-1,3.46726,nan,nan,nan,4.98692,3.47183
469,18.15,3.486,313.674,0.54254,0.540588,-1,3.48559,nan,nan,nan,4.98689,3.48866
470,17.58,3.495,313.687,0.541517,0.53956,-1,3.49097,nan,nan,nan,4.98687,3.49393
471,18.48,3.485,313.703,0.540472,0.538511,-1,3.48314,nan,nan,nan,4.98684,3.48517
472,19.5,3.478,313.714,0.539466,0.537501,-1,3.47373,nan,nan,nan,4.98682,3.4782
473,18.38,3.488,313.724,0.538464,0.536496,-1,3.48322,nan,nan,nan,4.9868,3.48697
474,18.44,3.492,313.733,0.53746,0.535488,-1,3.48305,nan,nan,nan,4.98677,3.48702
475,14.41,3.521,313.732,0.536552,0.534576,-1,3.51755,nan,nan,nan,4.98675,3.51953
476,11.89,3.542,313.71,0.535827,0.53385,-1,3.54208,nan,nan,nan,4.98673,3.54502
477,14.17,3.528,313.687,0.535103,0.533125,-1,3.52785,nan,nan,nan,4.98672,3.52986
478,15.38,3.52,313.679,0.534237,0.532255,-1,3.5176,nan,nan,nan,4.9867,3.51849
479,16.55,3.504,313.675,0.533325,0.53134,-1,3.50473,nan,nan,nan,4.98668,3.5079
480,22.4,3.459,313.677,0.532371,0.530384,-1,3.45806,nan,nan,nan,4.98665,3.45901
481,22.18,3.454,313.722,0.531087,0.529096,-1,3.44915,nan,nan,nan,4.98662,3.45294
482,22.8,3.442,313.762,0.529847,0.527852,-1,3.43779,nan,nan,nan,4.98659,3.44184
483,15.71,3.495,313.797,0.528653,0.526654,-1,3.49341,nan,nan,nan,4.98656,3.4952
484,16.92,3.488,313.797,0.527736,0.525735,-1,3.48614,nan,nan,nan,4.98654,3.48888
485,17.73,3.484,313.806,0.526739,0.524734,-1,3.47985,nan,nan,nan,4.98652,3.48222
486,15.34,3.503,313.809,0.525789,0.523781,-1,3.49991,nan,nan,nan,4.9865,3.50237
487,15.52,3.506,313.803,0.524912,0.5229,-1,3.50023,nan,nan,nan,4.98648,3.50275
488,17.2,3.49,313.801,0.523999,0.521982,-1,3.48563,nan,nan,nan,4.98646,3.48953
489,15.71,3.499,313.804,0.523035,0.521015,-1,3.49756,nan,nan,nan,4.98643,3.50087
490,16.23,3.494,313.804,0.522102,0.520079,-1,3.49428,nan,nan,nan,4.98641,3.49549
491,16.77,3.493,313.799,0.521206,0.51918,-1,3.48877,nan,nan,nan,4.98639,3.49159
492,17.05,3.488,313.804,0.520222,0.518192,-1,3.48531,nan,nan,nan,4.98637,3.48763
493,19,3.47,313.806,0.519269,0.517236,-1,3.46831,nan,nan,nan,4.98634,3.47215
494,17.22,3.487,313.818,0.518236,0.516199,-1,3.48067,nan,nan,nan,4.98632,3.48325
495,18.6,3.47,313.828,0.517215,0.515175,-1,3.46619,nan,nan,nan,4.9863,3.47005
496,16.79,3.485,313.827,0.516287,0.514244,-1,3.48349,nan,nan,nan,4.98628,3.4857
497,18.61,3.471,313.833,0.515306,0.513261,-1,3.46726,nan,nan,nan,4.98625,3.47015
498,18.25,3.473,313.841,0.5143,0.512253,-1,3.46884,nan,nan,nan,4.98623,3.47106
499,16.41,3.488,313.848,0.513305,0.511255,-1,3.48369,nan,nan,nan,4.98621,3.48546
500,17.8,3.474,313.848,0.512373,0.510319,-1,3.47168,nan,nan,nan,4.98618,3.47359
501,17.75,3.474,313.855,0.51138,0.509323,-1,3.47072,nan,nan,nan,4.98616,3.47311
502,15.88,3.491,313.861,0.51039,0.508329,-1,3.48418,nan,nan,nan,4.98614,3.48667
503,17.63,3.476,313.867,0.509405,0.507342,-1,3.46992,nan,nan,nan,4.98612,3.472
504,17.7,3.47,313.874,0.508409,0.506342,-1,3.46798,nan,nan,nan,4.98609,3.47001
505,17.93,3.466,313.885,0.50738,0.505312,-1,3.46423,nan,nan,nan,4.98607,3.46645
506,20.07,3.449,313.902,0.506307,0.504234,-1,3.44409,nan,nan,nan,4.98604,3.44784
507,17.98,3.461,313.916,0.505255,0.503178,-1,3.45946,nan,nan,nan,4.98602,3.46232
508,18.63,3.458,313.925,0.504245,0.502164,-1,3.45367,nan,nan,nan,4.986,3.45686
509,15.51,3.481,313.931,0.503262,0.501179,-1,3.47932,nan,nan,nan,4.98597,3.48168
510,18.29,3.459,313.929,0.502343,0.500256,-1,3.45756,nan,nan,nan,4.98595,3.45976
511,18.82,3.451,313.937,0.50134,0.499252,-1,3.45189,nan,nan,nan,4.98593,3.45464
512,20.15,3.442,313.949,0.500297,0.498205,-1,3.43979,nan,nan,nan,4.98591,3.44218
513,17.31,3.465,313.962,0.499254,0.497159,-1,3.46109,nan,nan,nan,4.98588,3.4634
514,18.31,3.46,313.969,0.498258,0.496159,-1,3.45343,nan,nan,nan,4.98586,3.45574
515,19.32,3.446,313.984,0.497199,0.495098,-1,3.44428,nan,nan,nan,4.98583,3.44474
516,17.31,3.461,313.99,0.496213,0.494109,-1,3.45824,nan,nan,nan,4.98581,3.46224
517,17.47,3.462,313.988,0.495296,0.493189,-1,3.45613,nan,nan,nan,4.98579,3.46133
518,16.78,3.464,313.992,0.494316,0.492205,-1,3.46242,nan,nan,nan,4.98577,3.46585
519,15.94,3.472,313.987,0.493421,0.491308,-1,3.47014,nan,nan,nan,4.98575,3.47352
520,16.33,3.47,313.982,0.492518,0.490403,-1,3.46695,nan,nan,nan,4.98573,3.4702
521,16.54,3.468,313.983,0.491558,0.48944,-1,3.46392,nan,nan,nan,4.9857,3.46775
522,16.69,3.466,313.979,0.490647,0.488526,-1,3.46356,nan,nan,nan,4.98568,3.4656
523,18.31,3.453,313.986,0.489644,0.487519,-1,3.44685,nan,nan,nan,4.98566,3.45131
524,20.2,3.436,314.001,0.488573,0.486446,-1,3.42965,nan,nan,nan,4.98564,3.43292
525,16.72,3.459,314.014,0.487523,0.485394,-1,3.45553,nan,nan,nan,4.98561,3.45878
526,17.78,3.445,314.013,0.48659,0.484457,-1,3.44784,nan,nan,nan,4.98559,3.4506
527,15.29,3.472,314.009,0.485686,0.483551,-1,3.46885,nan,nan,nan,4.98557,3.47183
528,17.8,3.45,314.004,0.484782,0.482644,-1,3.44884,nan,nan,nan,4.98555,3.45192
529,17.87,3.449,314.011,0.483772,0.48163,-1,3.448,nan,nan,nan,4.98553,3.44906
530,19.06,3.439,314.019,0.48276,0.480615,-1,3.43547,nan,nan,nan,4.9855,3.43796
531,16.56,3.456,314.03,0.481722,0.479575,-1,3.45337,nan,nan,nan,4.98548,3.45584
532,17.33,3.447,314.026,0.480819,0.478668,-1,3.44896,nan,nan,nan,4.98546,3.45042
533,14.54,3.473,314.017,0.479952,0.477797,-1,3.472,nan,nan,nan,4.98544,3.4734
534,17.13,3.458,314.013,0.479034,0.476878,-1,3.45031,nan,nan,nan,4.98542,3.45344
535,16.52,3.454,314.018,0.478049,0.475887,-1,3.45384,nan,nan,nan,4.9854,3.45588
536,18.33,3.443,314.015,0.477122,0.474958,-1,3.43837,nan,nan,nan,4.98538,3.44204
537,20.35,3.424,314.028,0.476065,0.473897,-1,3.41951,nan,nan,nan,4.98535,3.42249
538,19.75,3.426,314.051,0.474933,0.472763,-1,3.41959,nan,nan,nan,4.98533,3.42283
539,18.38,3.428,314.069,0.47385,0.471677,-1,3.42937,nan,nan,nan,4.9853,3.43168
540,20.61,3.408,314.085,0.472778,0.470603,-1,3.41133,nan,nan,nan,4.98528,3.41143
541,19.14,3.426,314.103,0.471692,0.469515,-1,3.41912,nan,nan,nan,4.98525,3.42223
542,18.66,3.423,314.116,0.470644,0.468464,-1,3.42425,nan,nan,nan,4.98523,3.42503
543,15.64,3.451,314.12,0.469674,0.467491,-1,3.44708,nan,nan,nan,4.98521,3.45034
544,16.18,3.448,314.11,0.468821,0.466637,-1,3.4462,nan,nan,nan,4.98519,3.44873
545,17.56,3.438,314.108,0.46789,0.465702,-1,3.43513,nan,nan,nan,4.98517,3.43821
546,17.63,3.436,314.114,0.466886,0.464694,-1,3.43344,nan,nan,nan,4.98515,3.43603
547,15.59,3.456,314.109,0.465982,0.463787,-1,3.4501,nan,nan,nan,4.98513,3.45301
548,15.36,3.453,314.106,0.46506,0.462862,-1,3.45165,nan,nan,nan,4.98511,3.4541
549,16.08,3.448,314.092,0.464226,0.462025,-1,3.44769,nan,nan,nan,4.98509,3.45011
550,20.05,3.413,314.098,0.463227,0.461024,-1,3.41375,nan,nan,nan,4.98506,3.41625
551,17.89,3.432,314.104,0.462222,0.460014,-1,3.42921,nan,nan,nan,4.98504,3.43201
552,18.08,3.43,314.107,0.461247,0.459037,-1,3.42597,nan,nan,nan,4.98502,3.42902
553,15.28,3.451,314.105,0.460311,0.458099,-1,3.44853,nan,nan,nan,4.985,3.45099
554,16.83,3.437,314.1,0.459404,0.457188,-1,3.43542,nan,nan,nan,4.98498,3.4384
555,17.47,3.432,314.095,0.45849,0.45627,-1,3.43117,nan,nan,nan,4.98496,3.43336
556,17.67,3.43,314.095,0.457538,0.455314,-1,3.42747,nan,nan,nan,4.98494,3.43075
557,15.93,3.442,314.095,0.456591,0.454365,-1,3.44129,nan,nan,nan,4.98492,3.44389
558,16.56,3.438,314.085,0.455724,0.453495,-1,3.43614,nan,nan,nan,4.9849,3.43953
559,15.78,3.446,314.078,0.45483,0.452599,-1,3.44376,nan,nan,nan,4.98488,3.44563
560,19.98,3.41,314.082,0.45384,0.451605,-1,3.40805,nan,nan,nan,4.98486,3.40914
561,19.06,3.413,314.097,0.452759,0.45052,-1,3.41114,nan,nan,nan,4.98483,3.41267
562,18.77,3.412,314.111,0.451694,0.449453,-1,3.41096,nan,nan,nan,4.98481,3.4132
563,17.22,3.426,314.119,0.450681,0.448437,-1,3.42152,nan,nan,nan,4.98479,3.42475
564,17.02,3.427,314.121,0.449722,0.447475,-1,3.42229,nan,nan,nan,4.98477,3.42571
565,16.41,3.43,314.122,0.448763,0.446513,-1,3.42932,nan,nan,nan,4.98474,3.43032
566,19.11,3.41,314.127,0.447777,0.445524,-1,3.40559,nan,nan,nan,4.98472,3.40878
567,16.22,3.432,314.131,0.446793,0.444538,-1,3.42894,nan,nan,nan,4.9847,3.43104
568,15.54,3.44,314.118,0.445961,0.443703,-1,3.43612,nan,nan,nan,4.98468,3.43892
569,17.07,3.423,314.116,0.445024,0.442762,-1,3.42274,nan,nan,nan,4.98466,3.42507
570,18.62,3.414,314.114,0.444085,0.441824,-1,3.41019,nan,nan,nan,4.98464,3.4124
571,18.05,3.416,314.123,0.443056,0.440791,-1,3.41146,nan,nan,nan,4.98462,3.41406
572,17.25,3.419,314.126,0.442082,0.439814,-1,3.41798,nan,nan,nan,4.9846,3.41957
573,15.28,3.434,314.121,0.441172,0.4389,-1,3.43304,nan,nan,nan,4.98458,3.43653
574,13.16,3.458,314.098,0.44043,0.438154,-1,3.45451,nan,nan,nan,4.98456,3.45666
575,13.31,3.459,314.071,0.439726,0.437448,-1,3.45567,nan,nan,nan,4.98455,3.45866
576,14.28,3.454,314.049,0.438961,0.436681,-1,3.44865,nan,nan,nan,4.98453,3.45143
577,16.27,3.433,314.036,0.438118,0.435835,-1,3.43227,nan,nan,nan,4.98451,3.434
578,17.56,3.42,314.029,0.437213,0.43493,-1,3.42055,nan,nan,nan,4.98449,3.42087
579,16.76,3.425,314.027,0.436267,0.433981,-1,3.42336,nan,nan,nan,4.98447,3.42623
580,16.86,3.425,314.023,0.435342,0.433054,-1,3.42106,nan,nan,nan,4.98445,3.42333
581,19.89,3.4,314.03,0.434327,0.432036,-1,3.39359,nan,nan,nan,4.98443,3.39663
582,17.03,3.418,314.038,0.43331,0.431017,-1,3.41362,nan,nan,nan,4.98441,3.41687
583,17.73,3.41,314.04,0.432343,0.430048,-1,3.40714,nan,nan,nan,4.98439,3.40965
584,18.91,3.4,314.044,0.431363,0.429066,-1,3.3967,nan,nan,nan,4.98436,3.3993
585,17.37,3.413,314.048,0.430381,0.428081,-1,3.40713,nan,nan,nan,4.98434,3.41078
586,18.38,3.404,314.053,0.42939,0.427085,-1,3.3987,nan,nan,nan,4.98432,3.40116
587,18.9,3.397,314.066,0.428332,0.426025,-1,3.39202,nan,nan,nan,4.9843,3.39435
588,19.5,3.389,314.083,0.427251,0.424941,-1,3.3856,nan,nan,nan,4.98427,3.38779
589,18.96,3.388,314.103,0.426145,0.423831,-1,3.3874,nan,nan,nan,4.98425,3.38995
590,19.31,3.384,314.121,0.42506,0.422743,-1,3.38294,nan,nan,nan,4.98423,3.38571
591,18.43,3.392,314.137,0.423984,0.421666,-1,3.38993,nan,nan,nan,4.9842,3.39097
592,20.83,3.372,314.156,0.422896,0.420576,-1,3.36979,nan,nan,nan,4.98418,3.37068
593,20.17,3.374,314.174,0.421807,0.419483,-1,3.37181,nan,nan,nan,4.98416,3.37472
594,20.18,3.374,314.187,0.420759,0.418433,-1,3.37249,nan,nan,nan,4.98413,3.37406
595,21.86,3.359,314.218,0.419581,0.417252,-1,3.35489,nan,nan,nan,4.98411,3.35772
596,21.18,3.358,314.251,0.418385,0.416053,-1,3.35864,nan,nan,nan,4.98408,3.36054
597,18.8,3.377,314.27,0.417293,0.414959,-1,3.37663,nan,nan,nan,4.98406,3.37885
598,17.9,3.388,314.278,0.416285,0.413949,-1,3.38511,nan,nan,nan,4.98404,3.38828
599,19.43,3.38,314.282,0.41531,0.412972,-1,3.37441,nan,nan,nan,4.98402,3.37708
600,23.28,3.346,314.297,0.414249,0.411907,-1,3.34527,nan,nan,nan,4.98399,3.34613
601,22.2,3.348,314.345,0.412939,0.410596,-1,3.34611,nan,nan,nan,4.98397,3.34919
602,19.21,3.371,314.375,0.411761,0.409414,-1,3.36796,nan,nan,nan,4.98394,3.37034
603,16.07,3.398,314.403,0.410603,0.408253,-1,3.39224,nan,nan,nan,4.98392,3.39442
604,14.88,3.408,314.394,0.40974,0.407388,-1,3.40504,nan,nan,nan,4.9839,3.40883
605,17.2,3.397,314.386,0.408861,0.406506,-1,3.39218,nan,nan,nan,4.98388,3.39375
606,17.8,3.389,314.387,0.4079,0.405543,-1,3.38665,nan,nan,nan,4.98386,3.38826
607,19.13,3.377,314.389,0.406928,0.404569,-1,3.37587,nan,nan,nan,4.98384,3.37784
608,18.16,3.385,314.397,0.405906,0.403542,-1,3.38125,nan,nan,nan,4.98381,3.38359
609,17.01,3.392,314.406,0.404874,0.402507,-1,3.38883,nan,nan,nan,4.98379,3.39179
610,19.58,3.368,314.417,0.40383,0.401461,-1,3.36787,nan,nan,nan,4.98377,3.37056
611,18.47,3.376,314.431,0.402756,0.400383,-1,3.37491,nan,nan,nan,4.98375,3.37739
612,17.92,3.385,314.441,0.401724,0.399348,-1,3.38012,nan,nan,nan,4.98372,3.38105
613,17.48,3.38,314.444,0.400747,0.398369,-1,3.38197,nan,nan,nan,4.9837,3.38499
614,18.21,3.377,314.448,0.399753,0.397373,-1,3.3767,nan,nan,nan,4.98368,3.37881
615,18.98,3.373,314.458,0.398719,0.396338,-1,3.36793,nan,nan,nan,4.98366,3.37167
616,17.78,3.382,314.467,0.397689,0.395306,-1,3.37847,nan,nan,nan,4.98364,3.38
617,18.68,3.374,314.468,0.396723,0.394337,-1,3.37048,nan,nan,nan,4.98362,3.37421
618,17.74,3.382,314.473,0.395721,0.39333,-1,3.37694,nan,nan,nan,4.9836,3.37983
619,17.67,3.38,314.474,0.394757,0.392365,-1,3.37855,nan,nan,nan,4.98358,3.38097
620,17.5,3.381,314.477,0.393772,0.391377,-1,3.38035,nan,nan,nan,4.98355,3.38201
621,17.44,3.381,314.479,0.39279,0.390393,-1,3.37979,nan,nan,nan,4.98353,3.38178
622,15.41,3.399,314.476,0.391857,0.389457,-1,3.39554,nan,nan,nan,4.98351,3.39848
623,14.75,3.403,314.467,0.390975,0.388572,-1,3.4026,nan,nan,nan,4.98349,3.40502
624,17.03,3.389,314.457,0.390098,0.387693,-1,3.38584,nan,nan,nan,4.98348,3.38745
625,17.54,3.383,314.457,0.389131,0.386722,-1,3.38031,nan,nan,nan,4.98346,3.38187
626,14.54,3.405,314.453,0.388203,0.385793,-1,3.40332,nan,nan,nan,4.98344,3.40527
627,15.9,3.396,314.438,0.387362,0.384948,-1,3.39246,nan,nan,nan,4.98342,3.39523
628,14.6,3.411,314.423,0.386527,0.384112,-1,3.40509,nan,nan,nan,4.9834,3.40674
629,12.51,3.425,314.4,0.385773,0.383355,-1,3.42337,nan,nan,nan,4.98338,3.42535
630,14.89,3.408,314.377,0.385008,0.382587,-1,3.40612,nan,nan,nan,4.98337,3.40781
631,15.27,3.403,314.36,0.384187,0.381763,-1,3.40298,nan,nan,nan,4.98335,3.40493
632,13.07,3.423,314.341,0.383384,0.380957,-1,3.4198,nan,nan,nan,4.98333,3.42264
633,13.74,3.417,314.315,0.382652,0.380223,-1,3.41495,nan,nan,nan,4.98332,3.41786
634,13.72,3.421,314.288,0.381921,0.37949,-1,3.41642,nan,nan,nan,4.9833,3.41842
635,15.41,3.399,314.275,0.381062,0.378629,-1,3.40093,nan,nan,nan,4.98329,3.40283
636,18.02,3.382,314.266,0.380169,0.377735,-1,3.37881,nan,nan,nan,4.98327,3.38007
637,15.88,3.396,314.262,0.379225,0.376789,-1,3.39261,nan,nan,nan,4.98325,3.39424
638,18.12,3.376,314.261,0.378273,0.375833,-1,3.37267,nan,nan,nan,4.98323,3.3743
639,18.62,3.369,314.262,0.377296,0.37485,-1,3.36463,nan,nan,nan,4.98321,3.36779
640,18.04,3.374,314.266,0.376297,0.37385,-1,3.36704,nan,nan,nan,4.98319,3.3704
641,17.98,3.37,314.266,0.37534,0.372888,-1,3.36799,nan,nan,nan,4.98317,3.36951
642,17.82,3.37,314.275,0.374312,0.371858,-1,3.36701,nan,nan,nan,4.98314,3.36887
643,19.8,3.351,314.285,0.373272,0.370815,-1,3.34676,nan,nan,nan,4.98312,3.35023
644,20.47,3.339,314.301,0.37219,0.369731,-1,3.34135,nan,nan,nan,4.9831,3.34241
645,20.39,3.339,314.326,0.371037,0.368575,-1,3.33796,nan,nan,nan,4.98308,3.33928
646,19.69,3.344,314.342,0.36996,0.367497,-1,3.34152,nan,nan,nan,4.98305,3.34475
647,20.48,3.339,314.364,0.368839,0.366372,-1,3.33373,nan,nan,nan,4.98303,3.33621
648,19.14,3.343,314.387,0.367707,0.365237,-1,3.3417,nan,nan,nan,4.98301,3.34449
649,19.39,3.343,314.403,0.366637,0.364164,-1,3.33942,nan,nan,nan,4.98298,3.34279
650,15.98,3.367,314.409,0.365639,0.363164,-1,3.36866,nan,nan,nan,4.98296,3.37061
651,19.89,3.341,314.413,0.364657,0.36218,-1,3.33696,nan,nan,nan,4.98294,3.33993
652,16.55,3.37,314.422,0.363635,0.361154,-1,3.36302,nan,nan,nan,4.98292,3.36644
653,14.9,3.383,314.414,0.362751,0.360269,-1,3.3785,nan,nan,nan,4.9829,3.38245
654,17.41,3.362,314.406,0.361866,0.359381,-1,3.36178,nan,nan,nan,4.98289,3.36272
655,18.99,3.346,314.412,0.360855,0.358367,-1,3.34705,nan,nan,nan,4.98286,3.34858
656,20.66,3.334,314.428,0.359765,0.357274,-1,3.32871,nan,nan,nan,4.98284,3.33312
657,18.08,3.354,314.446,0.358671,0.356177,-1,3.3486,nan,nan,nan,4.98282,3.35107
658,17.84,3.353,314.45,0.35768,0.355184,-1,3.35142,nan,nan,nan,4.9828,3.35262
659,17.75,3.35,314.459,0.356656,0.354157,-1,3.34869,nan,nan,nan,4.98278,3.35184
660,5.01,3.454,314.463,0.355667,0.353165,-1,3.45042,nan,nan,nan,4.98276,3.45317
661,5.24,3.461,314.401,0.355375,0.352873,-1,3.46277,nan,nan,nan,4.98275,3.46526
662,4.52,3.48,314.338,0.355105,0.352603,-1,3.47848,nan,nan,nan,4.98275,3.48107
663,4.19,3.494,314.272,0.354874,0.35237,-1,3.48972,nan,nan,nan,4.98274,3.49242
664,5,3.493,314.207,0.354628,0.352124,-1,3.48877,nan,nan,nan,4.98274,3.49112
665,5.12,3.493,314.143,0.354355,0.35185,-1,3.49162,nan,nan,nan,4.98273,3.49487
666,4.91,3.497,314.08,0.354079,0.351572,-1,3.49567,nan,nan,nan,4.98272,3.49857
667,5.74,3.496,314.017,0.353786,0.351277,-1,3.49066,nan,nan,nan,4.98272,3.49325
668,5.14,3.498,313.954,0.353499,0.35099,-1,3.49703,nan,nan,nan,4.98271,3.50049
669,4.3,3.509,313.89,0.353243,0.35073,-1,3.50556,nan,nan,nan,4.98271,3.5082
670,5.03,3.507,313.826,0.353,0.350484,-1,3.50096,nan,nan,nan,4.9827,3.5041
671,5,3.503,313.763,0.352728,0.350211,-1,3.50237,nan,nan,nan,4.9827,3.5051
672,4.91,3.505,313.701,0.352447,0.349928,-1,3.50347,nan,nan,nan,4.98269,3.50655
673,5.93,3.497,313.639,0.352165,0.349645,-1,3.49552,nan,nan,nan,4.98269,3.49867
674,5.46,3.506,313.579,0.351846,0.349324,-1,3.49863,nan,nan,nan,4.98268,3.50115
675,5.78,3.502,313.519,0.351548,0.349023,-1,3.49649,nan,nan,nan,4.98267,3.49905
676,6.06,3.496,313.46,0.351229,0.348701,-1,3.49378,nan,nan,nan,4.98267,3.49681
677,6.31,3.494,313.402,0.350893,0.348363,-1,3.49142,nan,nan,nan,4.98266,3.49489
678,5.16,3.504,313.343,0.350587,0.348055,-1,3.50142,nan,nan,nan,4.98265,3.50341
679,4.92,3.507,313.284,0.350292,0.347759,-1,3.50314,nan,nan,nan,4.98265,3.50584
680,5.03,3.508,313.224,0.350002,0.347468,-1,3.50316,nan,nan,nan,4.98264,3.50558
681,4.48,3.51,313.164,0.349722,0.347186,-1,3.50807,nan,nan,nan,4.98264,3.51027
682,4.23,3.512,313.103,0.349473,0.346935,-1,3.51129,nan,nan,nan,4.98263,3.51334
683,4.34,3.519,313.042,0.349231,0.34669,-1,3.51184,nan,nan,nan,4.98263,3.51406
684,4.83,3.511,312.98,0.34899,0.346449,-1,3.50837,nan,nan,nan,4.98262,3.51169
685,4.6,3.516,312.921,0.348727,0.346183,-1,3.51063,nan,nan,nan,4.98262,3.51279
686,4.32,3.516,312.86,0.348481,0.345935,-1,3.51351,nan,nan,nan,4.98261,3.51559
687,4.26,3.516,312.799,0.348248,0.345701,-1,3.51467,nan,nan,nan,4.98261,3.51725
688,4.44,3.514,312.739,0.348012,0.345464,-1,3.51381,nan,nan,nan,4.9826,3.51635
689,3.99,3.519,312.679,0.347763,0.345213,-1,3.5175,nan,nan,nan,4.9826,3.52068
690,4.2,3.518,312.619,0.347543,0.344991,-1,3.51658,nan,nan,nan,4.9826,3.51908
691,4.51,3.52,312.559,0.347309,0.344754,-1,3.51441,nan,nan,nan,4.98259,3.51804
692,5.69,3.506,312.501,0.347039,0.344481,-1,3.50417,nan,nan,nan,4.98259,3.5071
693,5.68,3.504,312.444,0.346749,0.344187,-1,3.50326,nan,nan,nan,4.98258,3.50636
694,5.52,3.506,312.389,0.346444,0.343881,-1,3.50412,nan,nan,nan,4.98257,3.50652
695,5.35,3.508,312.334,0.346138,0.343572,-1,3.50479,nan,nan,nan,4.98257,3.50773
696,4.77,3.51,312.278,0.345852,0.343285,-1,3.50971,nan,nan,nan,4.98256,3.51225
697,4.35,3.521,312.222,0.345585,0.343016,-1,3.51397,nan,nan,nan,4.98256,3.51605
698,4,3.52,312.164,0.345351,0.342781,-1,3.51784,nan,nan,nan,4.98255,3.52132
699,4.35,3.518,312.106,0.345111,0.34254,-1,3.51536,nan,nan,nan,4.98255,3.51854
700,4.64,3.515,312.049,0.344872,0.342299,-1,3.51356,nan,nan,nan,4.98254,3.51548
701,4.3,3.52,311.992,0.344634,0.34206,-1,3.51687,nan,nan,nan,4.98254,3.51965
702,5.09,3.514,311.936,0.344384,0.341807,-1,3.51033,nan,nan,nan,4.98254,3.51295
703,5.63,3.51,311.882,0.34408,0.341502,-1,3.50486,nan,nan,nan,4.98253,3.50697
704,5.74,3.503,311.831,0.343745,0.341166,-1,3.5027,nan,nan,nan,4.98252,3.5053
705,5.72,3.506,311.778,0.343449,0.340867,-1,3.50244,nan,nan,nan,4.98252,3.5047
706,5.16,3.51,311.726,0.343139,0.340557,-1,3.507,nan,nan,nan,4.98251,3.50993
707,4.79,3.512,311.673,0.342854,0.340271,-1,3.5101,nan,nan,nan,4.98251,3.51252
708,4.78,3.511,311.619,0.34259,0.340005,-1,3.51093,nan,nan,nan,4.9825,3.51324
709,4.74,3.513,311.564,0.342332,0.339744,-1,3.51153,nan,nan,nan,4.9825,3.51397
710,5.04,3.51,311.511,0.342061,0.339473,-1,3.50918,nan,nan,nan,4.98249,3.51224
711,5.29,3.51,311.459,0.341772,0.339181,-1,3.50702,nan,nan,nan,4.98249,3.5097
712,5.35,3.512,311.408,0.341465,0.338872,-1,3.50594,nan,nan,nan,4.98248,3.50896
713,5.06,3.513,311.357,0.34117,0.338574,-1,3.50808,nan,nan,nan,4.98248,3.51072
714,5.11,3.51,311.305,0.340883,0.338288,-1,3.5078,nan,nan,nan,4.98247,3.51002
715,4.28,3.517,311.252,0.340632,0.338035,-1,3.51533,nan,nan,nan,4.98247,3.51837
716,4.15,3.519,311.199,0.340397,0.337798,-1,3.51772,nan,nan,nan,4.98246,3.52048
717,4.86,3.515,311.146,0.340156,0.337554,-1,3.51193,nan,nan,nan,4.98246,3.51507
718,5.42,3.51,311.095,0.339872,0.337269,-1,3.50669,nan,nan,nan,4.98245,3.50815
719,5.62,3.505,311.046,0.339564,0.33696,-1,3.5047,nan,nan,nan,4.98245,3.50746
720,7.67,3.488,310.997,0.339254,0.336649,-1,3.4857,nan,nan,nan,4.98244,3.48895
721,8.06,3.483,310.955,0.338824,0.336215,-1,3.47984,nan,nan,nan,4.98243,3.48153
722,7.32,3.487,310.914,0.338395,0.335785,-1,3.48307,nan,nan,nan,4.98243,3.48606
723,5.61,3.5,310.871,0.337993,0.33538,-1,3.49687,nan,nan,nan,4.98242,3.50023
724,4.75,3.512,310.822,0.337703,0.335089,-1,3.50568,nan,nan,nan,4.98241,3.50804
725,5.28,3.507,310.773,0.337426,0.334811,-1,3.50211,nan,nan,nan,4.98241,3.50555
726,5.84,3.499,310.726,0.337117,0.334499,-1,3.49756,nan,nan,nan,4.9824,3.50053
727,5.1,3.503,310.677,0.336825,0.334207,-1,3.50446,nan,nan,nan,4.9824,3.50692
728,5.4,3.508,310.629,0.336534,0.333915,-1,3.50243,nan,nan,nan,4.98239,3.50525
729,4.72,3.51,310.581,0.33626,0.333638,-1,3.50877,nan,nan,nan,4.98239,3.51184
730,5.13,3.509,310.531,0.335999,0.333375,-1,3.50596,nan,nan,nan,4.98238,3.50843
731,3.98,3.518,310.482,0.33574,0.333115,-1,3.51672,nan,nan,nan,4.98238,3.51905
732,4.62,3.515,310.432,0.335521,0.332894,-1,3.51203,nan,nan,nan,4.98238,3.51483
733,4.09,3.52,310.382,0.335285,0.332657,-1,3.51751,nan,nan,nan,4.98237,3.52056
734,4.95,3.513,310.332,0.335042,0.332414,-1,3.51018,nan,nan,nan,4.98237,3.51258
735,4.86,3.513,310.285,0.334753,0.332123,-1,3.5106,nan,nan,nan,4.98236,3.51281
736,3.95,3.522,310.237,0.334503,0.331872,-1,3.51853,nan,nan,nan,4.98236,3.5203
737,4.06,3.519,310.187,0.334287,0.331654,-1,3.51838,nan,nan,nan,4.98235,3.52143
738,5.1,3.512,310.139,0.334028,0.331395,-1,3.50901,nan,nan,nan,4.98235,3.51177
739,5.63,3.506,310.093,0.333744,0.331109,-1,3.50356,nan,nan,nan,4.98235,3.50603
740,5.37,3.508,310.048,0.333438,0.3308,-1,3.50514,nan,nan,nan,4.98234,3.50658
741,5.56,3.504,310.003,0.333134,0.330495,-1,3.50239,nan,nan,nan,4.98233,3.50583
742,5.35,3.506,309.959,0.332827,0.330187,-1,3.50328,nan,nan,nan,4.98233,3.50562
743,4.93,3.506,309.914,0.332536,0.329895,-1,3.50655,nan,nan,nan,4.98232,3.5094
744,5.38,3.504,309.869,0.332256,0.329612,-1,3.50331,nan,nan,nan,4.98232,3.50444
745,4.99,3.51,309.824,0.331965,0.32932,-1,3.50632,nan,nan,nan,4.98231,3.50873
746,5.57,3.505,309.779,0.331687,0.329041,-1,3.50087,nan,nan,nan,4.98231,3.50385
747,4.95,3.511,309.735,0.331396,0.328747,-1,3.50647,nan,nan,nan,4.98231,3.50886
748,4.32,3.513,309.69,0.33114,0.328489,-1,3.51273,nan,nan,nan,4.9823,3.5155
749,4.49,3.516,309.644,0.330893,0.328242,-1,3.51144,nan,nan,nan,4.9823,3.51382
750,5.07,3.508,309.599,0.330627,0.327974,-1,3.50619,nan,nan,nan,4.98229,3.50846
751,5.74,3.502,309.556,0.330336,0.327683,-1,3.49984,nan,nan,nan,4.98229,3.50291
752,5.32,3.508,309.513,0.330032,0.327377,-1,3.50269,nan,nan,nan,4.98228,3.50583
753,5.37,3.505,309.471,0.329734,0.327076,-1,3.50213,nan,nan,nan,4.98228,3.5037
754,5.25,3.507,309.428,0.329437,0.326779,-1,3.50263,nan,nan,nan,4.98227,3.50481
755,5.93,3.501,309.386,0.329132,0.326473,-1,3.49593,nan,nan,nan,4.98227,3.49867
756,6.4,3.493,309.347,0.328785,0.326125,-1,3.49038,nan,nan,nan,4.98226,3.49289
757,5.93,3.498,309.308,0.328445,0.325783,-1,3.49394,nan,nan,nan,4.98226,3.4964
758,5.83,3.498,309.268,0.328116,0.325451,-1,3.49408,nan,nan,nan,4.98225,3.49653
759,5.17,3.507,309.227,0.327807,0.325141,-1,3.50022,nan,nan,nan,4.98225,3.50307
760,5.42,3.5,309.186,0.327519,0.324853,-1,3.49817,nan,nan,nan,4.98224,3.50123
761,5.34,3.501,309.145,0.327225,0.324558,-1,3.4991,nan,nan,nan,4.98224,3.50131
762,5.48,3.502,309.104,0.326925,0.324256,-1,3.49751,nan,nan,nan,4.98223,3.50014
763,5.48,3.5,309.063,0.326631,0.32396,-1,3.4975,nan,nan,nan,4.98223,3.50051
764,5.99,3.494,309.023,0.326328,0.323655,-1,3.49246,nan,nan,nan,4.98222,3.49488
765,5.63,3.498,308.984,0.326017,0.323343,-1,3.4955,nan,nan,nan,4.98222,3.49852
766,5.59,3.5,308.946,0.32568,0.323004,-1,3.49492,nan,nan,nan,4.98221,3.49782
767,4.98,3.505,308.906,0.32539,0.322711,-1,3.50047,nan,nan,nan,4.98221,3.504
768,4.35,3.51,308.864,0.325131,0.32245,-1,3.50728,nan,nan,nan,4.9822,3.50955
769,3.76,3.516,308.822,0.324901,0.32222,-1,3.51398,nan,nan,nan,4.9822,3.51574
770,4.36,3.512,308.779,0.324681,0.321998,-1,3.50911,nan,nan,nan,4.98219,3.51175
771,4.71,3.513,308.736,0.324446,0.321761,-1,3.50679,nan,nan,nan,4.98219,3.50969
772,4.62,3.506,308.695,0.324189,0.321502,-1,3.50707,nan,nan,nan,4.98219,3.5101
773,5.38,3.505,308.655,0.323916,0.321229,-1,3.49994,nan,nan,nan,4.98218,3.50282
774,4.87,3.51,308.616,0.32363,0.320941,-1,3.5038,nan,nan,nan,4.98218,3.50677
775,5.3,3.497,308.577,0.323346,0.320654,-1,3.49944,nan,nan,nan,4.98217,3.50208
776,5.79,3.499,308.539,0.323035,0.32034,-1,3.49392,nan,nan,nan,4.98217,3.49657
777,5.32,3.503,308.502,0.322731,0.320036,-1,3.49697,nan,nan,nan,4.98216,3.5003
778,5.26,3.5,308.465,0.322419,0.319721,-1,3.49678,nan,nan,nan,4.98216,3.50009
779,4.71,3.505,308.426,0.322142,0.319443,-1,3.50242,nan,nan,nan,4.98215,3.50547
780,4.87,3.509,308.387,0.321873,0.319172,-1,3.5011,nan,nan,nan,4.98215,3.50405
781,4.94,3.509,308.348,0.321604,0.3189,-1,3.50039,nan,nan,nan,4.98215,3.50458
782,4.6,3.508,308.309,0.321349,0.318643,-1,3.5039,nan,nan,nan,4.98214,3.50732
783,5.29,3.502,308.27,0.321093,0.318385,-1,3.49772,nan,nan,nan,4.98214,3.50112
784,5.02,3.505,308.232,0.320824,0.318114,-1,3.50002,nan,nan,nan,4.98213,3.50315
785,5.16,3.503,308.195,0.320536,0.317824,-1,3.49799,nan,nan,nan,4.98213,3.5015
786,4.87,3.504,308.157,0.320259,0.317545,-1,3.50048,nan,nan,nan,4.98212,3.5033
787,5.36,3.497,308.12,0.319983,0.317266,-1,3.49545,nan,nan,nan,4.98212,3.49866
788,4.92,3.502,308.083,0.319704,0.316987,-1,3.49915,nan,nan,nan,4.98212,3.50307
789,5.11,3.504,308.046,0.319432,0.316711,-1,3.49755,nan,nan,nan,4.98211,3.50121
790,5.15,3.5,308.009,0.31915,0.316429,-1,3.49648,nan,nan,nan,4.98211,3.50004
791,5.63,3.496,307.974,0.318855,0.316133,-1,3.4919,nan,nan,nan,4.9821,3.49545
792,5.8,3.492,307.939,0.318542,0.315818,-1,3.48954,nan,nan,nan,4.9821,3.49251
793,6.16,3.491,307.905,0.318217,0.315491,-1,3.48487,nan,nan,nan,4.98209,3.48879
794,5.39,3.497,307.871,0.3179,0.315174,-1,3.49153,nan,nan,nan,4.98209,3.49384
795,5.38,3.493,307.837,0.317601,0.314873,-1,3.49162,nan,nan,nan,4.98208,3.49416
796,5.22,3.496,307.802,0.31731,0.314579,-1,3.49275,nan,nan,nan,4.98208,3.49575
797,4.79,3.502,307.766,0.317031,0.314298,-1,3.49675,nan,nan,nan,4.98207,3.5003
798,4.67,3.502,307.731,0.316765,0.31403,-1,3.49849,nan,nan,nan,4.98207,3.5017
799,3.96,3.511,307.694,0.316527,0.313789,-1,3.50547,nan,nan,nan,4.98207,3.50841
800,4.82,3.502,307.657,0.316288,0.313549,-1,3.49805,nan,nan,nan,4.98206,3.50103
801,5.5,3.493,307.622,0.316011,0.313271,-1,3.4916,nan,nan,nan,4.98206,3.4953
802,4.92,3.498,307.587,0.315735,0.312992,-1,3.49642,nan,nan,nan,4.98205,3.4997
803,4.65,3.505,307.551,0.31548,0.312736,-1,3.49917,nan,nan,nan,4.98205,3.50249
804,4.51,3.504,307.515,0.31523,0.312484,-1,3.50068,nan,nan,nan,4.98205,3.5036
805,4.49,3.501,307.48,0.314979,0.312231,-1,3.50117,nan,nan,nan,4.98204,3.50336
806,4.97,3.497,307.445,0.314722,0.311973,-1,3.49598,nan,nan,nan,4.98204,3.49827
807,5.23,3.494,307.411,0.314435,0.311687,-1,3.49308,nan,nan,nan,4.98203,3.49538
808,5.07,3.499,307.378,0.314152,0.311403,-1,3.49366,nan,nan,nan,4.98203,3.49639
809,4.91,3.496,307.344,0.31387,0.31112,-1,3.49489,nan,nan,nan,4.98203,3.49798
810,5.19,3.497,307.311,0.313587,0.310834,-1,3.49186,nan,nan,nan,4.98202,3.49449
811,4.88,3.499,307.278,0.313315,0.310561,-1,3.49449,nan,nan,nan,4.98202,3.49779
812,4.65,3.501,307.244,0.313045,0.310289,-1,3.49638,nan,nan,nan,4.98201,3.49927
813,5.07,3.495,307.211,0.312778,0.310021,-1,3.49208,nan,nan,nan,4.98201,3.496
814,5.29,3.494,307.178,0.312492,0.309733,-1,3.48951,nan,nan,nan,4.982,3.49284
815,4.68,3.498,307.146,0.312219,0.309459,-1,3.4951,nan,nan,nan,4.982,3.4976
816,4.87,3.494,307.113,0.311948,0.309186,-1,3.49343,nan,nan,nan,4.982,3.49534
817,4.06,3.503,307.079,0.311699,0.308937,-1,3.50115,nan,nan,nan,4.98199,3.50439
818,3.81,3.508,307.044,0.311488,0.308724,-1,3.50484,nan,nan,nan,4.98199,3.5081
819,4.26,3.508,307.009,0.311269,0.308505,-1,3.50129,nan,nan,nan,4.98199,3.50415
820,4.15,3.503,306.975,0.311032,0.308265,-1,3.50186,nan,nan,nan,4.98198,3.50552
821,4.44,3.502,306.942,0.310783,0.308015,-1,3.49862,nan,nan,nan,4.98198,3.50122
822,4.55,3.5,306.909,0.310536,0.307769,-1,3.49764,nan,nan,nan,4.98198,3.50106
823,4.32,3.501,306.876,0.310293,0.307524,-1,3.49942,nan,nan,nan,4.98197,3.50317
824,3.98,3.503,306.842,0.310074,0.307302,-1,3.50319,nan,nan,nan,4.98197,3.50589
825,4.01,3.508,306.808,0.309848,0.307075,-1,3.50307,nan,nan,nan,4.98196,3.50585
826,4.9,3.497,306.775,0.309609,0.306835,-1,3.4944,nan,nan,nan,4.98196,3.49803
827,5.28,3.493,306.744,0.309327,0.306552,-1,3.48964,nan,nan,nan,4.98196,3.49203
828,5.24,3.496,306.714,0.309042,0.306266,-1,3.48925,nan,nan,nan,4.98195,3.4921
829,5.91,3.484,306.685,0.30873,0.305951,-1,3.48124,nan,nan,nan,4.98195,3.48497
830,5.9,3.484,306.658,0.3084,0.30562,-1,3.48003,nan,nan,nan,4.98194,3.48311
831,5.54,3.483,306.63,0.308076,0.305293,-1,3.48158,nan,nan,nan,4.98194,3.48533
832,5.78,3.48,306.602,0.30776,0.304976,-1,3.47853,nan,nan,nan,4.98193,3.48213
833,5.83,3.484,306.575,0.307445,0.30466,-1,3.47783,nan,nan,nan,4.98193,3.47995
834,5.33,3.488,306.547,0.307127,0.304342,-1,3.48159,nan,nan,nan,4.98192,3.48537
835,5.74,3.483,306.519,0.306817,0.304028,-1,3.47714,nan,nan,nan,4.98192,3.48059
836,6.09,3.479,306.492,0.306494,0.303704,-1,3.47325,nan,nan,nan,4.98192,3.47664
837,5.65,3.482,306.465,0.306179,0.303387,-1,3.47695,nan,nan,nan,4.98191,3.48082
838,5.72,3.482,306.438,0.305871,0.303077,-1,3.47622,nan,nan,nan,4.98191,3.47893
839,5.62,3.48,306.411,0.305556,0.302761,-1,3.4766,nan,nan,nan,4.9819,3.47906
840,6.9,3.468,306.384,0.305255,0.302458,-1,3.46415,nan,nan,nan,4.9819,3.46689
841,6.75,3.468,306.361,0.304874,0.302077,-1,3.46371,nan,nan,nan,4.98189,3.46602
842,6.83,3.466,306.337,0.304509,0.301711,-1,3.46182,nan,nan,nan,4.98189,3.46435
843,5.33,3.48,306.315,0.304124,0.301323,-1,3.47494,nan,nan,nan,4.98188,3.47826
844,5.11,3.481,306.287,0.303841,0.301038,-1,3.47813,nan,nan,nan,4.98188,3.48039
845,5.79,3.472,306.261,0.303538,0.300735,-1,3.47123,nan,nan,nan,4.98187,3.47396
846,5.88,3.471,306.236,0.303209,0.300405,-1,3.46993,nan,nan,nan,4.98187,3.47311
847,5.14,3.482,306.209,0.302912,0.300106,-1,3.47711,nan,nan,nan,4.98186,3.4805
848,5.43,3.478,306.181,0.30263,0.299822,-1,3.47525,nan,nan,nan,4.98186,3.47853
849,4.98,3.482,306.154,0.302342,0.299532,-1,3.47896,nan,nan,nan,4.98186,3.48333
850,4.95,3.484,306.127,0.302063,0.299251,-1,3.48012,nan,nan,nan,4.98185,3.48219
851,5.06,3.484,306.1,0.301773,0.298959,-1,3.4787,nan,nan,nan,4.98185,3.4819
852,5.09,3.481,306.073,0.301501,0.298685,-1,3.47886,nan,nan,nan,4.98184,3.48169
853,5.26,3.482,306.045,0.301225,0.298409,-1,3.47683,nan,nan,nan,4.98184,3.48014
854,5.24,3.481,306.019,0.300933,0.298114,-1,3.47683,nan,nan,nan,4.98184,3.48173
855,5.09,3.483,305.992,0.300651,0.297832,-1,3.47818,nan,nan,nan,4.98183,3.48169
856,5.1,3.481,305.966,0.300368,0.297548,-1,3.47789,nan,nan,nan,4.98183,3.48096
857,5.02,3.483,305.939,0.300093,0.29727,-1,3.47884,nan,nan,nan,4.98182,3.48224
858,5.24,3.484,305.913,0.299808,0.296982,-1,3.47573,nan,nan,nan,4.98182,3.479
859,5.25,3.478,305.886,0.299541,0.296713,-1,3.47571,nan,nan,nan,4.98182,3.47945
860,5.81,3.47,305.861,0.299238,0.296409,-1,3.4696,nan,nan,nan,4.98181,3.47204
861,5,3.484,305.836,0.298948,0.296119,-1,3.4773,nan,nan,nan,4.98181,3.48196
862,5.42,3.476,305.81,0.298661,0.295831,-1,3.47283,nan,nan,nan,4.9818,3.47601
863,5.72,3.472,305.786,0.298356,0.295523,-1,3.4692,nan,nan,nan,4.9818,3.47199
864,5.87,3.469,305.762,0.298029,0.295194,-1,3.4662,nan,nan,nan,4.98179,3.46885
865,4.78,3.478,305.739,0.297715,0.294879,-1,3.47654,nan,nan,nan,4.98179,3.47966
866,5.72,3.471,305.714,0.297427,0.29459,-1,3.46713,nan,nan,nan,4.98179,3.47021
867,5.27,3.476,305.69,0.297125,0.294287,-1,3.47096,nan,nan,nan,4.98178,3.47475
868,5.55,3.474,305.665,0.296834,0.293994,-1,3.46876,nan,nan,nan,4.98178,3.47223
869,5.28,3.475,305.641,0.296548,0.293706,-1,3.47071,nan,nan,nan,4.98177,3.47516
870,4.95,3.476,305.616,0.296259,0.293415,-1,3.47396,nan,nan,nan,4.98177,3.47713
871,5.69,3.47,305.592,0.29597,0.293124,-1,3.46601,nan,nan,nan,4.98177,3.47019
872,5.13,3.474,305.568,0.295669,0.292823,-1,3.47128,nan,nan,nan,4.98176,3.47385
873,5.11,3.475,305.544,0.295394,0.292547,-1,3.47172,nan,nan,nan,4.98176,3.47491
874,4.75,3.481,305.519,0.295114,0.292265,-1,3.47496,nan,nan,nan,4.98175,3.47922
875,4.32,3.481,305.494,0.294853,0.292002,-1,3.47926,nan,nan,nan,4.98175,3.48163
876,4.14,3.484,305.468,0.294598,0.291747,-1,3.48153,nan,nan,nan,4.98175,3.48498
877,4.61,3.482,305.442,0.294358,0.291505,-1,3.47714,nan,nan,nan,4.98174,3.48099
878,5.35,3.474,305.418,0.294078,0.291224,-1,3.46991,nan,nan,nan,4.98174,3.47352
879,5.83,3.466,305.396,0.293762,0.290906,-1,3.46385,nan,nan,nan,4.98174,3.4661
880,6.6,3.459,305.375,0.293424,0.290567,-1,3.45372,nan,nan,nan,4.98173,3.45859
881,5.65,3.463,305.355,0.293082,0.290222,-1,3.46242,nan,nan,nan,4.98173,3.46563
882,5.45,3.468,305.334,0.292761,0.2899,-1,3.46371,nan,nan,nan,4.98172,3.46667
883,5.05,3.47,305.311,0.292484,0.289623,-1,3.46799,nan,nan,nan,4.98172,3.47039
884,5.72,3.467,305.288,0.292193,0.28933,-1,3.4606,nan,nan,nan,4.98171,3.46484
885,4.93,3.471,305.265,0.2919,0.289033,-1,3.46809,nan,nan,nan,4.98171,3.47169
886,4.94,3.473,305.242,0.291625,0.288757,-1,3.46855,nan,nan,nan,4.98171,3.47243
887,4.29,3.476,305.218,0.291369,0.2885,-1,3.47564,nan,nan,nan,4.9817,3.47894
888,5.14,3.471,305.194,0.291109,0.288238,-1,3.46769,nan,nan,nan,4.9817,3.46971
889,4.57,3.477,305.171,0.29084,0.287968,-1,3.47313,nan,nan,nan,4.98169,3.47654
890,4.89,3.473,305.147,0.290576,0.287703,-1,3.46969,nan,nan,nan,4.98169,3.47249
891,4.35,3.474,305.124,0.290309,0.287436,-1,3.47499,nan,nan,nan,4.98169,3.47794
892,4.56,3.476,305.101,0.290048,0.287172,-1,3.47279,nan,nan,nan,4.98168,3.47595
893,4.07,3.481,305.076,0.289808,0.286931,-1,3.47803,nan,nan,nan,4.98168,3.48108
894,3.45,3.485,305.051,0.289598,0.286722,-1,3.48503,nan,nan,nan,4.98168,3.4873
895,4.73,3.475,305.025,0.289378,0.286499,-1,3.47263,nan,nan,nan,4.98168,3.47549
896,5.18,3.47,305.003,0.289102,0.286222,-1,3.4674,nan,nan,nan,4.98167,3.47049
897,4.28,3.477,304.98,0.288846,0.285965,-1,3.47632,nan,nan,nan,4.98167,3.47836
898,5.05,3.47,304.957,0.288594,0.285713,-1,3.46754,nan,nan,nan,4.98166,3.47031
899,5.65,3.465,304.935,0.288303,0.28542,-1,3.46082,nan,nan,nan,4.98166,3.46448
900,5.18,3.469,304.914,0.288012,0.285127,-1,3.46414,nan,nan,nan,4.98166,3.46798
901,5.02,3.471,304.893,0.287727,0.284842,-1,3.46515,nan,nan,nan,4.98165,3.46901
902,5.19,3.464,304.872,0.287449,0.284562,-1,3.46345,nan,nan,nan,4.98165,3.46648
903,5.59,3.464,304.851,0.287161,0.284272,-1,3.45861,nan,nan,nan,4.98165,3.46244
904,5.07,3.467,304.831,0.286858,0.283967,-1,3.46326,nan,nan,nan,4.98164,3.46538
905,4.78,3.466,304.81,0.286569,0.283676,-1,3.46496,nan,nan,nan,4.98164,3.4689
906,4.82,3.469,304.788,0.286312,0.283417,-1,3.46531,nan,nan,nan,4.98163,3.46889
907,4.98,3.466,304.767,0.286041,0.283145,-1,3.46313,nan,nan,nan,4.98163,3.46613
908,4.94,3.465,304.746,0.285758,0.28286,-1,3.46291,nan,nan,nan,4.98163,3.46641
909,4.89,3.471,304.725,0.2855,0.282599,-1,3.46403,nan,nan,nan,4.98162,3.46845
910,5.15,3.466,304.703,0.285238,0.282335,-1,3.46161,nan,nan,nan,4.98162,3.46436
911,5.34,3.462,304.683,0.284951,0.282047,-1,3.4586,nan,nan,nan,4.98162,3.4623
912,5.05,3.464,304.664,0.284657,0.281751,-1,3.46067,nan,nan,nan,4.98161,3.46441
913,5.58,3.46,304.644,0.284372,0.281465,-1,3.45526,nan,nan,nan,4.98161,3.4594
914,5.08,3.464,304.625,0.284068,0.281159,-1,3.45913,nan,nan,nan,4.9816,3.46194
915,5.03,3.465,304.605,0.283786,0.280877,-1,3.46,nan,nan,nan,4.9816,3.46288
916,5.26,3.459,304.585,0.283499,0.280589,-1,3.45647,nan,nan,nan,4.9816,3.4602
917,5.11,3.463,304.566,0.283216,0.280305,-1,3.45793,nan,nan,nan,4.98159,3.46177
918,5.85,3.456,304.547,0.282924,0.28001,-1,3.45011,nan,nan,nan,4.98159,3.45447
919,5.49,3.459,304.529,0.282619,0.279701,-1,3.45304,nan,nan,nan,4.98158,3.45628
920,5.26,3.459,304.51,0.282319,0.279399,-1,3.45467,nan,nan,nan,4.98158,3.45734
921,5.34,3.459,304.491,0.282029,0.279109,-1,3.45307,nan,nan,nan,4.98158,3.45757
922,5.1,3.459,304.472,0.281747,0.278823,-1,3.45607,nan,nan,nan,4.98157,3.459
923,5.24,3.456,304.454,0.281448,0.278523,-1,3.45442,nan,nan,nan,4.98157,3.45735
924,4.25,3.471,304.434,0.281182,0.278256,-1,3.46396,nan,nan,nan,4.98157,3.4674
925,4.95,3.463,304.414,0.280928,0.278001,-1,3.45762,nan,nan,nan,4.98156,3.46052
926,5.36,3.457,304.395,0.280652,0.277722,-1,3.45264,nan,nan,nan,4.98156,3.45618
927,4.85,3.465,304.376,0.280367,0.277437,-1,3.45781,nan,nan,nan,4.98155,3.4619
928,4.41,3.464,304.356,0.28012,0.277189,-1,3.46261,nan,nan,nan,4.98155,3.46632
929,4.56,3.466,304.336,0.279862,0.27693,-1,3.46128,nan,nan,nan,4.98155,3.46516
930,4.66,3.465,304.315,0.27962,0.276688,-1,3.45973,nan,nan,nan,4.98155,3.46387
931,5.05,3.459,304.296,0.279366,0.276431,-1,3.45575,nan,nan,nan,4.98154,3.4603
932,5.08,3.459,304.277,0.279085,0.276149,-1,3.45531,nan,nan,nan,4.98154,3.45969
933,4.97,3.458,304.258,0.278822,0.275885,-1,3.45626,nan,nan,nan,4.98153,3.45904
934,4.85,3.463,304.239,0.278551,0.275613,-1,3.45682,nan,nan,nan,4.98153,3.4607
935,4.84,3.462,304.22,0.278285,0.275345,-1,3.45686,nan,nan,nan,4.98153,3.46039
936,5.45,3.45,304.202,0.278001,0.275061,-1,3.4491,nan,nan,nan,4.98152,3.4532
937,5.05,3.457,304.186,0.277699,0.274757,-1,3.45296,nan,nan,nan,4.98152,3.45689
938,4.95,3.459,304.168,0.277423,0.274478,-1,3.45326,nan,nan,nan,4.98152,3.45839
939,5.13,3.453,304.15,0.27714,0.274193,-1,3.45128,nan,nan,nan,4.98151,3.45474
940,4.71,3.454,304.133,0.276858,0.27391,-1,3.45459,nan,nan,nan,4.98151,3.45841
941,4,3.465,304.113,0.276606,0.273658,-1,3.46245,nan,nan,nan,4.98151,3.46515
942,4.65,3.462,304.094,0.276373,0.273424,-1,3.45688,nan,nan,nan,4.9815,3.46059
943,4.61,3.463,304.074,0.276138,0.273186,-1,3.45707,nan,nan,nan,4.9815,3.4603
944,4.4,3.46,304.056,0.275871,0.272919,-1,3.45897,nan,nan,nan,4.9815,3.46226
945,4.85,3.455,304.037,0.275618,0.272666,-1,3.45422,nan,nan,nan,4.98149,3.4569
946,4.97,3.455,304.021,0.275327,0.272373,-1,3.45219,nan,nan,nan,4.98149,3.45515
947,5.53,3.447,304.004,0.275031,0.272077,-1,3.4454,nan,nan,nan,4.98149,3.4481
948,5.37,3.448,303.989,0.274725,0.27177,-1,3.4458,nan,nan,nan,4.98148,3.4492
949,5.05,3.451,303.973,0.274426,0.27147,-1,3.44818,nan,nan,nan,4.98148,3.45255
950,5.17,3.449,303.956,0.274156,0.271199,-1,3.44686,nan,nan,nan,4.98147,3.44986
951,4.82,3.455,303.938,0.273891,0.270932,-1,3.45084,nan,nan,nan,4.98147,3.4552
952,5.81,3.443,303.923,0.273588,0.270626,-1,3.43991,nan,nan,nan,4.98147,3.44353
953,5.37,3.447,303.908,0.273281,0.270317,-1,3.4431,nan,nan,nan,4.98146,3.44671
954,5.24,3.449,303.892,0.273,0.270034,-1,3.44422,nan,nan,nan,4.98146,3.44748
955,5,3.447,303.876,0.272712,0.269745,-1,3.44645,nan,nan,nan,4.98146,3.44964
956,4.9,3.45,303.86,0.272422,0.269454,-1,3.44697,nan,nan,nan,4.98145,3.44935
957,4.95,3.45,303.843,0.272151,0.269181,-1,3.44679,nan,nan,nan,4.98145,3.45028
958,5.39,3.448,303.827,0.271872,0.268898,-1,3.44139,nan,nan,nan,4.98145,3.44558
959,5.4,3.445,303.812,0.271584,0.26861,-1,3.44089,nan,nan,nan,4.98144,3.44554
960,19.72,3.294,303.797,0.271284,0.268308,-1,3.29365,nan,nan,nan,4.98144,3.29579
961,18.54,3.293,303.852,0.270229,0.26725,-1,3.28896,nan,nan,nan,4.98142,3.29128
962,19.13,3.276,303.915,0.269151,0.266169,-1,3.26951,nan,nan,nan,4.98141,3.27203
963,18.34,3.268,303.97,0.268142,0.265156,-1,3.26764,nan,nan,nan,4.9814,3.27022
964,19.39,3.251,304.034,0.267091,0.264103,-1,3.24668,nan,nan,nan,4.98138,3.25019
965,16.76,3.272,304.095,0.266065,0.263075,-1,3.26711,nan,nan,nan,4.98137,3.27145
966,16.19,3.278,304.14,0.265175,0.262182,-1,3.27074,nan,nan,nan,4.98136,3.27471
967,18.83,3.242,304.189,0.264246,0.261249,-1,3.2405,nan,nan,nan,4.98135,3.24389
968,16.57,3.266,304.242,0.263294,0.260296,-1,3.2597,nan,nan,nan,4.98134,3.26353
969,16.29,3.265,304.29,0.262376,0.259377,-1,3.2619,nan,nan,nan,4.98132,3.26464
970,16.5,3.262,304.334,0.261499,0.258499,-1,3.25857,nan,nan,nan,4.98131,3.26081
971,17.5,3.247,304.382,0.260582,0.257578,-1,3.2448,nan,nan,nan,4.9813,3.2487
972,18.19,3.239,304.43,0.25967,0.256664,-1,3.23834,nan,nan,nan,4.98129,3.23989
973,19.52,3.225,304.493,0.258647,0.255638,-1,3.21879,nan,nan,nan,4.98127,3.22337
974,22.07,3.189,304.578,0.257471,0.254458,-1,3.18635,nan,nan,nan,4.98126,3.19019
975,21.05,3.196,304.67,0.256263,0.253249,-1,3.19231,nan,nan,nan,4.98124,3.19476
976,20.18,3.199,304.75,0.255137,0.252121,-1,3.19695,nan,nan,nan,4.98123,3.2011
977,19.54,3.205,304.822,0.254065,0.251047,-1,3.19943,nan,nan,nan,4.98122,3.20553
978,20.88,3.187,304.905,0.252923,0.249901,-1,3.18568,nan,nan,nan,4.9812,3.18912
979,19.56,3.202,304.986,0.251789,0.248765,-1,3.19717,nan,nan,nan,4.98119,3.19922
980,20.76,3.184,305.072,0.250627,0.247599,-1,3.18245,nan,nan,nan,4.98117,3.18387
981,18.5,3.205,305.151,0.24951,0.246481,-1,3.20374,nan,nan,nan,4.98115,3.20563
982,16.56,3.224,305.212,0.248506,0.245474,-1,3.22225,nan,nan,nan,4.98114,3.22617
983,15.39,3.241,305.254,0.247642,0.244608,-1,3.23789,nan,nan,nan,4.98113,3.24094
984,17.06,3.228,305.298,0.246753,0.243718,-1,3.22323,nan,nan,nan,4.98112,3.22633
985,15.13,3.248,305.342,0.245866,0.24283,-1,3.243,nan,nan,nan,4.98111,3.2467
986,17.5,3.221,305.383,0.24499,0.241951,-1,3.21959,nan,nan,nan,4.98109,3.22357
987,17.23,3.226,305.436,0.244016,0.240975,-1,3.22063,nan,nan,nan,4.98108,3.22498
988,18.3,3.21,305.489,0.243046,0.240001,-1,3.20864,nan,nan,nan,4.98107,3.2127
989,17.45,3.22,305.548,0.242034,0.238988,-1,3.21645,nan,nan,nan,4.98106,3.21922
990,16.63,3.226,305.593,0.24112,0.238071,-1,3.22392,nan,nan,nan,4.98104,3.22756
991,18.24,3.211,305.644,0.240162,0.237111,-1,3.20714,nan,nan,nan,4.98103,3.21125
992,17.65,3.216,305.702,0.23915,0.236096,-1,3.21098,nan,nan,nan,4.98102,3.21377
993,17.39,3.216,305.75,0.238217,0.23516,-1,3.21434,nan,nan,nan,4.981,3.21623
994,17.97,3.206,305.798,0.237268,0.23421,-1,3.20633,nan,nan,nan,4.98099,3.21032
995,17.75,3.21,305.855,0.236261,0.233199,-1,3.20629,nan,nan,nan,4.98098,3.21072
996,16.4,3.225,305.908,0.235287,0.232224,-1,3.21883,nan,nan,nan,4.98096,3.22196
997,16.71,3.216,305.956,0.234343,0.231277,-1,3.21635,nan,nan,nan,4.98095,3.21798
998,16.03,3.226,305.997,0.233445,0.230378,-1,3.22118,nan,nan,nan,4.98094,3.22658
999,14.19,3.244,306.033,0.232588,0.229517,-1,3.24144,nan,nan,nan,4.98093,3.24396
1000,13.14,3.256,306.054,0.231853,0.228778,-1,3.2546,nan,nan,nan,4.98092,3.25747
1001,14.8,3.247,306.081,0.231057,0.227981,-1,3.23898,nan,nan,nan,4.98091,3.24296
1002,19.83,3.19,306.128,0.2301,0.22702,-1,3.18638,nan,nan,nan,4.98089,3.19113
1003,18.65,3.195,306.189,0.229048,0.225965,-1,3.1945,nan,nan,nan,4.98088,3.19688
1004,18.7,3.194,306.258,0.227942,0.224857,-1,3.18963,nan,nan,nan,4.98086,3.1929
1005,17.15,3.207,306.31,0.226957,0.223871,-1,3.20274,nan,nan,nan,4.98085,3.206
1006,16.53,3.209,306.353,0.226035,0.222947,-1,3.20886,nan,nan,nan,4.98084,3.21133
1007,17.47,3.201,306.406,0.225042,0.221953,-1,3.19771,nan,nan,nan,4.98082,3.20118
1008,19.45,3.18,306.454,0.224082,0.220991,-1,3.17842,nan,nan,nan,4.98081,3.18074
1009,18.89,3.183,306.51,0.223068,0.219975,-1,3.18181,nan,nan,nan,4.9808,3.18358
1010,18.13,3.189,306.56,0.222089,0.218996,-1,3.18877,nan,nan,nan,4.98078,3.19138
1011,18.48,3.185,306.615,0.221081,0.217986,-1,3.18321,nan,nan,nan,4.98077,3.18566
1012,17.27,3.2,306.666,0.220097,0.217,-1,3.19455,nan,nan,nan,4.98076,3.19729
1013,16.85,3.201,306.71,0.219157,0.216058,-1,3.19844,nan,nan,nan,4.98074,3.20051
1014,16.41,3.208,306.755,0.218216,0.215114,-1,3.20229,nan,nan,nan,4.98073,3.20589
1015,15.55,3.209,306.794,0.217313,0.214209,-1,3.21104,nan,nan,nan,4.98072,3.21302
1016,15.82,3.213,306.832,0.216419,0.213313,-1,3.20806,nan,nan,nan,4.9807,3.21073
1017,17.49,3.192,306.871,0.215506,0.212398,-1,3.19044,nan,nan,nan,4.98069,3.19418
1018,18.57,3.179,306.924,0.214495,0.211385,-1,3.17913,nan,nan,nan,4.98068,3.18209
1019,18.14,3.184,306.981,0.213452,0.210341,-1,3.17989,nan,nan,nan,4.98066,3.18264
1020,24.84,3.122,307.032,0.212458,0.209344,-1,3.11387,nan,nan,nan,4.98065,3.11797
1021,23.42,3.126,307.135,0.211124,0.208008,-1,3.12211,nan,nan,nan,4.98063,3.12409
1022,23.9,3.114,307.238,0.209801,0.206683,-1,3.1137,nan,nan,nan,4.98061,3.11286
1023,19.03,3.155,307.344,0.208464,0.205343,-1,3.15141,nan,nan,nan,4.98059,3.15371
1024,18.71,3.159,307.403,0.207425,0.204302,-1,3.15593,nan,nan,nan,4.98058,3.15895
1025,22.73,3.118,307.483,0.20625,0.203125,-1,3.11609,nan,nan,nan,4.98056,3.11962
1026,21.32,3.13,307.568,0.205033,0.201906,-1,3.12862,nan,nan,nan,4.98054,3.13059
1027,20.88,3.134,307.64,0.203906,0.200777,-1,3.13139,nan,nan,nan,4.98053,3.13417
1028,19.51,3.147,307.716,0.202747,0.199614,-1,3.14335,nan,nan,nan,4.98051,3.14728
1029,19.94,3.142,307.782,0.201643,0.198508,-1,3.1412,nan,nan,nan,4.9805,3.14312
1030,17.44,3.168,307.839,0.200607,0.19747,-1,3.16432,nan,nan,nan,4.98048,3.16722
1031,16.39,3.179,307.891,0.199594,0.196455,-1,3.17529,nan,nan,nan,4.98047,3.17863
1032,16.42,3.18,307.935,0.198635,0.195495,-1,3.17887,nan,nan,nan,4.98045,3.1791
1033,19.51,3.151,307.981,0.197653,0.194512,-1,3.14968,nan,nan,nan,4.98044,3.15158
1034,19.02,3.157,308.041,0.196574,0.193432,-1,3.15196,nan,nan,nan,4.98042,3.15492
1035,18.18,3.16,308.093,0.195544,0.192399,-1,3.16102,nan,nan,nan,4.98041,3.16255
1036,16.87,3.178,308.127,0.194648,0.191502,-1,3.17569,nan,nan,nan,4.9804,3.17743
1037,15.24,3.192,308.166,0.19371,0.190561,-1,3.18945,nan,nan,nan,4.98038,3.19272
1038,16.01,3.187,308.198,0.192815,0.189665,-1,3.1836,nan,nan,nan,4.98037,3.18705
1039,17.97,3.171,308.227,0.191943,0.188791,-1,3.16639,nan,nan,nan,4.98036,3.17021
1040,16.96,3.178,308.267,0.190986,0.187832,-1,3.17712,nan,nan,nan,4.98034,3.17783
1041,14.09,3.206,308.297,0.1901,0.186944,-1,3.20206,nan,nan,nan,4.98033,3.20584
1042,16.69,3.183,308.315,0.189305,0.186147,-1,3.18121,nan,nan,nan,4.98032,3.18368
1043,19.27,3.158,308.358,0.188315,0.185154,-1,3.15373,nan,nan,nan,4.9803,3.15705
1044,16.51,3.181,308.4,0.187334,0.184171,-1,3.17784,nan,nan,nan,4.98029,3.18057
1045,16.97,3.175,308.436,0.186395,0.18323,-1,3.17403,nan,nan,nan,4.98028,3.17592
1046,17.06,3.172,308.475,0.185432,0.182266,-1,3.17117,nan,nan,nan,4.98026,3.17384
1047,16.6,3.181,308.513,0.184479,0.181312,-1,3.17367,nan,nan,nan,4.98025,3.17806
1048,14.78,3.195,308.536,0.183643,0.180472,-1,3.19208,nan,nan,nan,4.98024,3.1951
1049,17.41,3.172,308.566,0.18274,0.179567,-1,3.16708,nan,nan,nan,4.98022,3.17139
1050,19.01,3.155,308.601,0.181807,0.178632,-1,3.15344,nan,nan,nan,4.98021,3.1556
1051,17.54,3.167,308.647,0.180783,0.177608,-1,3.16294,nan,nan,nan,4.98019,3.16572
1052,17.65,3.163,308.687,0.179813,0.176636,-1,3.1605,nan,nan,nan,4.98018,3.16324
1053,17.22,3.167,308.728,0.178831,0.175652,-1,3.16336,nan,nan,nan,4.98016,3.167
1054,16.9,3.164,308.764,0.177883,0.174702,-1,3.16623,nan,nan,nan,4.98015,3.16867
1055,16.53,3.169,308.798,0.176947,0.173764,-1,3.17009,nan,nan,nan,4.98014,3.1721
1056,15.59,3.182,308.826,0.176062,0.172877,-1,3.17625,nan,nan,nan,4.98012,3.18145
1057,13.71,3.2,308.848,0.175219,0.172032,-1,3.19559,nan,nan,nan,4.98011,3.19955
1058,18.73,3.156,308.871,0.174362,0.171174,-1,3.15086,nan,nan,nan,4.9801,3.15467
1059,17.43,3.164,308.907,0.173402,0.17021,-1,3.16179,nan,nan,nan,4.98008,3.1647
1060,16.87,3.168,308.94,0.172473,0.169278,-1,3.16554,nan,nan,nan,4.98007,3.16801
1061,17.46,3.162,308.972,0.17154,0.168344,-1,3.15872,nan,nan,nan,4.98006,3.16142
1062,18.75,3.15,309.008,0.170582,0.167386,-1,3.14633,nan,nan,nan,4.98004,3.14797
1063,18.48,3.149,309.054,0.16955,0.166352,-1,3.14516,nan,nan,nan,4.98003,3.14813
1064,18.59,3.148,309.097,0.168536,0.165336,-1,3.14457,nan,nan,nan,4.98001,3.14589
1065,20.26,3.126,309.149,0.167467,0.164265,-1,3.12442,nan,nan,nan,4.98,3.12825
1066,18.65,3.145,309.198,0.166417,0.163212,-1,3.13715,nan,nan,nan,4.97998,3.14082
1067,16.06,3.165,309.231,0.165485,0.162279,-1,3.16132,nan,nan,nan,4.97997,3.16385
1068,18.26,3.147,309.258,0.164589,0.161381,-1,3.14218,nan,nan,nan,4.97995,3.14635
1069,20.15,3.127,309.309,0.163521,0.160312,-1,3.12369,nan,nan,nan,4.97994,3.12548
1070,19.98,3.127,309.362,0.162436,0.159223,-1,3.12035,nan,nan,nan,4.97992,3.12483
1071,17.76,3.143,309.413,0.161365,0.158151,-1,3.13976,nan,nan,nan,4.97991,3.14278
1072,19.38,3.131,309.447,0.160419,0.157201,-1,3.12494,nan,nan,nan,4.97989,3.12971
1073,20.33,3.122,309.493,0.15938,0.15616,-1,3.11584,nan,nan,nan,4.97988,3.11971
1074,19.72,3.123,309.548,0.15828,0.155056,-1,3.1197,nan,nan,nan,4.97986,3.12181
1075,18.8,3.125,309.606,0.157158,0.153932,-1,3.12431,nan,nan,nan,4.97984,3.1275
1076,18.8,3.128,309.647,0.156163,0.152935,-1,3.12443,nan,nan,nan,4.97983,3.1286
1077,19.39,3.125,309.693,0.15512,0.15189,-1,3.11959,nan,nan,nan,4.97981,3.12177
1078,18.3,3.127,309.748,0.154015,0.150782,-1,3.12722,nan,nan,nan,4.9798,3.12974
1079,18.27,3.13,309.791,0.152998,0.149763,-1,3.1262,nan,nan,nan,4.97978,3.13021
1080,1.03,3.284,309.835,0.151964,0.148726,-1,3.27774,nan,nan,nan,4.97976,3.2823
1081,1.11,3.3,309.783,0.151908,0.14867,-1,3.29649,nan,nan,nan,4.97976,3.30184
1082,0.98,3.315,309.73,0.15185,0.14861,-1,3.31229,nan,nan,nan,4.97976,3.3161
1083,1.04,3.329,309.678,0.151792,0.14855,-1,3.32286,nan,nan,nan,4.97976,3.32678
1084,1.12,3.332,309.626,0.151731,0.148488,-1,3.33056,nan,nan,nan,4.97976,3.33467
1085,1.17,3.342,309.574,0.151668,0.148426,-1,3.33659,nan,nan,nan,4.97976,3.34127
1086,1.19,3.346,309.522,0.151607,0.148364,-1,3.34146,nan,nan,nan,4.97976,3.34629
1087,1.12,3.355,309.47,0.151546,0.1483,-1,3.34594,nan,nan,nan,4.97976,3.35044
1088,1.03,3.356,309.419,0.151488,0.14824,-1,3.34995,nan,nan,nan,4.97976,3.35429
1089,1.03,3.352,309.367,0.151431,0.148183,-1,3.35256,nan,nan,nan,4.97976,3.35686
1090,0.9,3.362,309.316,0.151377,0.148128,-1,3.3559,nan,nan,nan,4.97976,3.3597
1091,1,3.365,309.265,0.151323,0.148074,-1,3.35683,nan,nan,nan,4.97976,3.36129
1092,1.12,3.359,309.214,0.151266,0.148015,-1,3.35718,nan,nan,nan,4.97975,3.36177
1093,0.97,3.364,309.164,0.151209,0.147956,-1,3.35974,nan,nan,nan,4.97975,3.36375
1094,0.94,3.364,309.113,0.151155,0.147902,-1,3.36124,nan,nan,nan,4.97975,3.3653
1095,0.91,3.363,309.063,0.151104,0.14785,-1,3.36263,nan,nan,nan,4.97975,3.36685
1096,0.9,3.369,309.013,0.151053,0.147798,-1,3.3637,nan,nan,nan,4.97975,3.36762
1097,0.91,3.372,308.963,0.151002,0.147747,-1,3.36454,nan,nan,nan,4.97975,3.36867
1098,0.94,3.369,308.913,0.150951,0.147694,-1,3.36508,nan,nan,nan,4.97975,3.36903
1099,1,3.37,308.864,0.150896,0.14764,-1,3.36528,nan,nan,nan,4.97975,3.36935
1100,0.99,3.367,308.815,0.150842,0.147586,-1,3.36606,nan,nan,nan,4.97975,3.37015
1101,1.01,3.372,308.766,0.150787,0.14753,-1,3.36654,nan,nan,nan,4.97975,3.37108
1102,1.02,3.375,308.718,0.150733,0.147473,-1,3.36702,nan,nan,nan,4.97975,3.37142
1103,1.03,3.369,308.669,0.150677,0.147418,-1,3.36762,nan,nan,nan,4.97975,3.37225
1104,0.95,3.375,308.621,0.150624,0.147363,-1,3.36895,nan,nan,nan,4.97975,3.37318
1105,1.04,3.374,308.573,0.15057,0.147308,-1,3.36877,nan,nan,nan,4.97974,3.37319
1106,1.07,3.375,308.525,0.150514,0.147252,-1,3.36902,nan,nan,nan,4.97974,3.37392
1107,1.08,3.375,308.478,0.150459,0.147195,-1,3.36948,nan,nan,nan,4.97974,3.37429
1108,0.91,3.371,308.431,0.150402,0.147138,-1,3.37162,nan,nan,nan,4.97974,3.37492
1109,1.09,3.378,308.384,0.150345,0.147082,-1,3.37051,nan,nan,nan,4.97974,3.3749
1110,1.1,3.377,308.337,0.150287,0.147021,-1,3.37085,nan,nan,nan,4.97974,3.37521
1111,1.09,3.377,308.29,0.150227,0.146959,-1,3.37136,nan,nan,nan,4.97974,3.37581
1112,1.1,3.375,308.244,0.150167,0.146899,-1,3.37177,nan,nan,nan,4.97974,3.37621
1113,1.07,3.372,308.198,0.150107,0.146836,-1,3.37249,nan,nan,nan,4.97974,3.37702
1114,0.93,3.379,308.152,0.150051,0.146779,-1,3.37435,nan,nan,nan,4.97974,3.37781
1115,1.03,3.378,308.106,0.149994,0.146721,-1,3.37396,nan,nan,nan,4.97974,3.37823
1116,1.08,3.374,308.061,0.149937,0.146662,-1,3.37396,nan,nan,nan,4.97974,3.37865
1117,1.11,3.38,308.015,0.149879,0.1466,-1,3.37411,nan,nan,nan,4.97973,3.37907
1118,1.08,3.378,307.97,0.149822,0.146543,-1,3.37491,nan,nan,nan,4.97973,3.37967
1119,1.08,3.38,307.925,0.149764,0.146484,-1,3.37541,nan,nan,nan,4.97973,3.37998
1120,0.97,3.383,307.881,0.149707,0.146426,-1,3.3769,nan,nan,nan,4.97973,3.38069
1121,0.95,3.382,307.836,0.14965,0.146367,-1,3.37753,nan,nan,nan,4.97973,3.38122
1122,0.98,3.383,307.792,0.149593,0.146311,-1,3.37773,nan,nan,nan,4.97973,3.38172
1123,0.99,3.384,307.748,0.149538,0.146254,-1,3.3781,nan,nan,nan,4.97973,3.38261
1124,1.03,3.383,307.704,0.149485,0.146201,-1,3.37828,nan,nan,nan,4.97973,3.38298
1125,0.94,3.385,307.66,0.149429,0.146142,-1,3.37951,nan,nan,nan,4.97973,3.38365
1126,1.08,3.381,307.617,0.149374,0.146088,-1,3.37868,nan,nan,nan,4.97973,3.38338
1127,0.99,3.388,307.573,0.149317,0.14603,-1,3.37994,nan,nan,nan,4.97973,3.38388
1128,1.05,3.384,307.53,0.149261,0.145972,-1,3.37978,nan,nan,nan,4.97973,3.38451
1129,1.04,3.383,307.487,0.149205,0.145916,-1,3.38031,nan,nan,nan,4.97973,3.38468
1130,1.12,3.389,307.445,0.149148,0.145858,-1,3.3799,nan,nan,nan,4.97972,3.38464
1131,1,3.383,307.402,0.149088,0.145797,-1,3.38138,nan,nan,nan,4.97972,3.38495
1132,1.12,3.385,307.36,0.149029,0.145738,-1,3.38057,nan,nan,nan,4.97972,3.38534
1133,1.05,3.383,307.318,0.148973,0.14568,-1,3.38163,nan,nan,nan,4.97972,3.38637
1134,1.01,3.388,307.276,0.148919,0.145624,-1,3.38241,nan,nan,nan,4.97972,3.3866
1135,1.06,3.389,307.234,0.148863,0.145566,-1,3.38232,nan,nan,nan,4.97972,3.38693
1136,0.95,3.384,307.193,0.148805,0.145506,-1,3.3837,nan,nan,nan,4.97972,3.38762
1137,1.09,3.386,307.151,0.14875,0.145451,-1,3.3828,nan,nan,nan,4.97972,3.38779
1138,0.94,3.389,307.11,0.148695,0.145393,-1,3.38454,nan,nan,nan,4.97972,3.38848
1139,1.03,3.388,307.069,0.148641,0.145339,-1,3.38409,nan,nan,nan,4.97972,3.38882
