z,ocv,docv_dz,dUdT,x_n,U_n,y_p,U_p
0.0000,2.853526,12.645137,-0.00020000,0.04342,0.761124,0.84259,3.614650
0.0010,2.865971,12.247271,-0.00019970,0.04427,0.749142,0.84201,3.615114
0.0020,2.878025,11.862955,-0.00019940,0.04513,0.737552,0.84144,3.615577
0.0030,2.889702,11.491757,-0.00019910,0.04599,0.726339,0.84087,3.616040
0.0040,2.901013,11.133257,-0.00019880,0.04685,0.715490,0.84030,3.616504
0.0050,2.911972,10.787053,-0.00019850,0.04771,0.704995,0.83972,3.616967
0.0060,2.922591,10.452755,-0.00019821,0.04856,0.694839,0.83915,3.617430
0.0070,2.932882,10.129987,-0.00019791,0.04942,0.685012,0.83858,3.617893
0.0080,2.942855,9.818387,-0.00019761,0.05028,0.675502,0.83800,3.618357
0.0090,2.952522,9.517607,-0.00019731,0.05114,0.666298,0.83743,3.618820
0.0100,2.961894,9.227309,-0.00019702,0.05200,0.657390,0.83686,3.619283
0.0110,2.970980,8.947168,-0.00019672,0.05285,0.648766,0.83629,3.619746
0.0120,2.979791,8.676872,-0.00019642,0.05371,0.640419,0.83571,3.620210
0.0130,2.988337,8.416119,-0.00019613,0.05457,0.632336,0.83514,3.620673
0.0140,2.996627,8.164620,-0.00019583,0.05543,0.624510,0.83457,3.621136
0.0150,3.004669,7.922094,-0.00019553,0.05629,0.616930,0.83400,3.621600
0.0160,3.012474,7.688272,-0.00019524,0.05714,0.609589,0.83342,3.622063
0.0170,3.020049,7.462895,-0.00019494,0.05800,0.602478,0.83285,3.622526
0.0180,3.027402,7.245714,-0.00019465,0.05886,0.595587,0.83228,3.622989
0.0190,3.034543,7.036488,-0.00019435,0.05972,0.588910,0.83171,3.623453
0.0200,3.041478,6.834987,-0.00019406,0.06058,0.582438,0.83113,3.623916
0.0210,3.048215,6.640988,-0.00019377,0.06143,0.576164,0.83056,3.624379
0.0220,3.054762,6.454279,-0.00019347,0.06229,0.570080,0.82999,3.624843
0.0230,3.061126,6.274654,-0.00019318,0.06315,0.564180,0.82942,3.625306
0.0240,3.067314,6.101916,-0.00019289,0.06401,0.558455,0.82884,3.625769
0.0250,3.073332,5.935876,-0.00019259,0.06487,0.552900,0.82827,3.626233
0.0260,3.079188,5.776352,-0.00019230,0.06572,0.547508,0.82770,3.626696
0.0270,3.084887,5.623169,-0.00019201,0.06658,0.542272,0.82713,3.627159
0.0280,3.090436,5.476160,-0.00019172,0.06744,0.537186,0.82655,3.627622
0.0290,3.095841,5.335163,-0.00019143,0.06830,0.532245,0.82598,3.628086
0.0300,3.101108,5.200024,-0.00019113,0.06916,0.527441,0.82541,3.628549
0.0310,3.106243,5.070594,-0.00019084,0.07001,0.522769,0.82484,3.629012
0.0320,3.111251,4.946731,-0.00019055,0.07087,0.518224,0.82426,3.629476
0.0330,3.116138,4.828298,-0.00019026,0.07173,0.513801,0.82369,3.629939
0.0340,3.120910,4.715163,-0.00018997,0.07259,0.509493,0.82312,3.630402
0.0350,3.125570,4.607199,-0.00018968,0.07345,0.505295,0.82255,3.630866
0.0360,3.130126,4.504285,-0.00018939,0.07430,0.501203,0.82197,3.631329
0.0370,3.134581,4.406304,-0.00018911,0.07516,0.497212,0.82140,3.631792
0.0380,3.138940,4.313141,-0.00018882,0.07602,0.493316,0.82083,3.632256
0.0390,3.143209,4.224688,-0.00018853,0.07688,0.489510,0.82025,3.632719
0.0400,3.147391,4.140839,-0.00018824,0.07774,0.485791,0.81968,3.633182
0.0410,3.151492,4.061491,-0.00018795,0.07859,0.482154,0.81911,3.633646
0.0420,3.155515,3.986544,-0.00018766,0.07945,0.478593,0.81854,3.634109
0.0430,3.159466,3.915901,-0.00018738,0.08031,0.475106,0.81796,3.634572
0.0440,3.163349,3.849468,-0.00018709,0.08117,0.471687,0.81739,3.635036
0.0450,3.167167,3.787149,-0.00018680,0.08203,0.468332,0.81682,3.635499
0.0460,3.170924,3.728855,-0.00018652,0.08288,0.465038,0.81625,3.635962
0.0470,3.174626,3.674492,-0.00018623,0.08374,0.461800,0.81567,3.636426
0.0480,3.178275,3.623972,-0.00018595,0.08460,0.458614,0.81510,3.636889
0.0490,3.181875,3.577203,-0.00018566,0.08546,0.455477,0.81453,3.637352
0.0500,3.185430,3.534095,-0.00018538,0.08632,0.452385,0.81396,3.637816
0.0510,3.188944,3.494557,-0.00018509,0.08717,0.449335,0.81338,3.638279
0.0520,3.192420,3.458495,-0.00018481,0.08803,0.446322,0.81281,3.638742
0.0530,3.195862,3.425817,-0.00018452,0.08889,0.443343,0.81224,3.639206
0.0540,3.199273,3.396425,-0.00018424,0.08975,0.440396,0.81167,3.639669
0.0550,3.202656,3.370220,-0.00018395,0.09061,0.437476,0.81109,3.640132
0.0560,3.206015,3.347102,-0.00018367,0.09146,0.434581,0.81052,3.640596
0.0570,3.209351,3.326965,-0.00018339,0.09232,0.431708,0.80995,3.641059
0.0580,3.212669,3.309700,-0.00018310,0.09318,0.428853,0.80938,3.641523
0.0590,3.215972,3.295194,-0.00018282,0.09404,0.426014,0.80880,3.641986
0.0600,3.219261,3.283329,-0.00018254,0.09490,0.423189,0.80823,3.642449
0.0610,3.222539,3.273983,-0.00018226,0.09575,0.420373,0.80766,3.642913
0.0620,3.225810,3.267028,-0.00018198,0.09661,0.417567,0.80709,3.643376
0.0630,3.229074,3.262330,-0.00018170,0.09747,0.414765,0.80651,3.643839
0.0640,3.232335,3.259751,-0.00018141,0.09833,0.411968,0.80594,3.644303
0.0650,3.235594,3.259146,-0.00018113,0.09919,0.409172,0.80537,3.644766
0.0660,3.238854,3.260365,-0.00018085,0.10004,0.406376,0.80479,3.645230
0.0670,3.242115,3.263250,-0.00018057,0.10090,0.403578,0.80422,3.645693
0.0680,3.245381,3.267640,-0.00018029,0.10176,0.400776,0.80365,3.646156
0.0690,3.248651,3.273368,-0.00018001,0.10262,0.397969,0.80308,3.646620
0.0700,3.251928,3.280259,-0.00017974,0.10347,0.395155,0.80250,3.647083
0.0710,3.255212,3.288135,-0.00017946,0.10433,0.392335,0.80193,3.647547
0.0720,3.258504,3.296814,-0.00017918,0.10519,0.389506,0.80136,3.648010
0.0730,3.261806,3.306110,-0.00017890,0.10605,0.386668,0.80079,3.648474
0.0740,3.265117,3.315831,-0.00017862,0.10691,0.383820,0.80021,3.648937
0.0750,3.268438,3.325786,-0.00017834,0.10776,0.380963,0.79964,3.649400
0.0760,3.271768,3.335779,-0.00017807,0.10862,0.378096,0.79907,3.649864
0.0770,3.275109,3.345617,-0.00017779,0.10948,0.375218,0.79850,3.650327
0.0780,3.278460,3.355105,-0.00017751,0.11034,0.372331,0.79792,3.650791
0.0790,3.281819,3.364049,-0.00017724,0.11120,0.369435,0.79735,3.651254
0.0800,3.285187,3.372258,-0.00017696,0.11205,0.366530,0.79678,3.651718
0.0810,3.288563,3.379547,-0.00017668,0.11291,0.363618,0.79621,3.652181
0.0820,3.291946,3.385734,-0.00017641,0.11377,0.360699,0.79563,3.652645
0.0830,3.295334,3.390643,-0.00017613,0.11463,0.357774,0.79506,3.653108
0.0840,3.298727,3.394107,-0.00017586,0.11549,0.354845,0.79449,3.653572
0.0850,3.302122,3.395968,-0.00017558,0.11634,0.351913,0.79392,3.654035
0.0860,3.305518,3.396079,-0.00017531,0.11720,0.348980,0.79334,3.654499
0.0870,3.308914,3.394303,-0.00017504,0.11806,0.346049,0.79277,3.654962
0.0880,3.312306,3.390515,-0.00017476,0.11892,0.343119,0.79220,3.655426
0.0890,3.315694,3.384607,-0.00017449,0.11978,0.340195,0.79163,3.655889
0.0900,3.319075,3.376481,-0.00017422,0.12063,0.337278,0.79105,3.656353
0.0910,3.322446,3.366058,-0.00017394,0.12149,0.334370,0.79048,3.656816
0.0920,3.325806,3.353273,-0.00017367,0.12235,0.331474,0.78991,3.657280
0.0930,3.329152,3.338078,-0.00017340,0.12321,0.328591,0.78934,3.657743
0.0940,3.332481,3.320440,-0.00017313,0.12407,0.325725,0.78876,3.658207
0.0950,3.335792,3.300346,-0.00017285,0.12492,0.322878,0.78819,3.658670
0.0960,3.339081,3.277795,-0.00017258,0.12578,0.320053,0.78762,3.659134
0.0970,3.342347,3.252807,-0.00017231,0.12664,0.317251,0.78704,3.659598
0.0980,3.345586,3.225416,-0.00017204,0.12750,0.314475,0.78647,3.660061
0.0990,3.348797,3.195669,-0.00017177,0.12836,0.311728,0.78590,3.660525
0.1000,3.351977,3.163632,-0.00017150,0.12921,0.309012,0.78533,3.660988
0.1010,3.355123,3.129382,-0.00017123,0.13007,0.306329,0.78475,3.661452
0.1020,3.358235,3.093009,-0.00017096,0.13093,0.303681,0.78418,3.661915
0.1030,3.361309,3.054616,-0.00017069,0.13179,0.301070,0.78361,3.662379
0.1040,3.364343,3.014314,-0.00017042,0.13265,0.298499,0.78304,3.662843
0.1050,3.367337,2.972226,-0.00017015,0.13350,0.295970,0.78246,3.663306
0.1060,3.370287,2.928480,-0.00016989,0.13436,0.293483,0.78189,3.663770
0.1070,3.373193,2.883213,-0.00016962,0.13522,0.291041,0.78132,3.664234
0.1080,3.376053,2.836566,-0.00016935,0.13608,0.288644,0.78075,3.664697
0.1090,3.378866,2.788683,-0.00016908,0.13694,0.286295,0.78017,3.665161
0.1100,3.381630,2.739712,-0.00016882,0.13779,0.283994,0.77960,3.665625
0.1110,3.384345,2.689803,-0.00016855,0.13865,0.281743,0.77903,3.666088
0.1120,3.387009,2.639102,-0.00016828,0.13951,0.279543,0.77846,3.666552
0.1130,3.389623,2.587758,-0.00016802,0.14037,0.277393,0.77788,3.667016
0.1140,3.392185,2.535917,-0.00016775,0.14123,0.275295,0.77731,3.667479
0.1150,3.394695,2.483720,-0.00016748,0.14208,0.273248,0.77674,3.667943
0.1160,3.397152,2.431305,-0.00016722,0.14294,0.271255,0.77617,3.668407
0.1170,3.399557,2.378807,-0.00016695,0.14380,0.269313,0.77559,3.668871
0.1180,3.401910,2.326352,-0.00016669,0.14466,0.267425,0.77502,3.669334
0.1190,3.404210,2.274064,-0.00016642,0.14552,0.265588,0.77445,3.669798
0.1200,3.406458,2.222056,-0.00016616,0.14637,0.263804,0.77388,3.670262
0.1210,3.408654,2.170439,-0.00016590,0.14723,0.262071,0.77330,3.670726
0.1220,3.410799,2.119314,-0.00016563,0.14809,0.260390,0.77273,3.671190
0.1230,3.412893,2.068775,-0.00016537,0.14895,0.258760,0.77216,3.671653
0.1240,3.414937,2.018908,-0.00016511,0.14981,0.257180,0.77159,3.672117
0.1250,3.416931,1.969793,-0.00016484,0.15066,0.255650,0.77101,3.672581
0.1260,3.418877,1.921503,-0.00016458,0.15152,0.254168,0.77044,3.673045
0.1270,3.420774,1.874101,-0.00016432,0.15238,0.252734,0.76987,3.673509
0.1280,3.422625,1.827646,-0.00016406,0.15324,0.251347,0.76929,3.673973
0.1290,3.424430,1.782188,-0.00016380,0.15410,0.250006,0.76872,3.674437
0.1300,3.426190,1.737770,-0.00016353,0.15495,0.248711,0.76815,3.674900
0.1310,3.427906,1.694432,-0.00016327,0.15581,0.247458,0.76758,3.675364
0.1320,3.429579,1.652203,-0.00016301,0.15667,0.246249,0.76700,3.675828
0.1330,3.431211,1.611110,-0.00016275,0.15753,0.245082,0.76643,3.676292
0.1340,3.432802,1.571172,-0.00016249,0.15839,0.243954,0.76586,3.676756
0.1350,3.434353,1.532405,-0.00016223,0.15924,0.242867,0.76529,3.677220
0.1360,3.435867,1.494818,-0.00016197,0.16010,0.241817,0.76471,3.677684
0.1370,3.437344,1.458419,-0.00016172,0.16096,0.240805,0.76414,3.678148
0.1380,3.438784,1.423207,-0.00016146,0.16182,0.239828,0.76357,3.678612
0.1390,3.440190,1.389182,-0.00016120,0.16268,0.238886,0.76300,3.679076
0.1400,3.441563,1.356338,-0.00016094,0.16353,0.237977,0.76242,3.679540
0.1410,3.442903,1.324666,-0.00016068,0.16439,0.237101,0.76185,3.680005
0.1420,3.444213,1.294155,-0.00016042,0.16525,0.236256,0.76128,3.680469
0.1430,3.445492,1.264791,-0.00016017,0.16611,0.235441,0.76071,3.680933
0.1440,3.446743,1.236559,-0.00015991,0.16697,0.234654,0.76013,3.681397
0.1450,3.447966,1.209440,-0.00015965,0.16782,0.233896,0.75956,3.681861
0.1460,3.449162,1.183416,-0.00015940,0.16868,0.233163,0.75899,3.682325
0.1470,3.450333,1.158465,-0.00015914,0.16954,0.232457,0.75842,3.682789
0.1480,3.451479,1.134565,-0.00015889,0.17040,0.231775,0.75784,3.683254
0.1490,3.452602,1.111692,-0.00015863,0.17126,0.231116,0.75727,3.683718
0.1500,3.453703,1.089824,-0.00015838,0.17211,0.230479,0.75670,3.684182
0.1510,3.454782,1.068935,-0.00015812,0.17297,0.229864,0.75613,3.684646
0.1520,3.455841,1.049001,-0.00015787,0.17383,0.229270,0.75555,3.685111
0.1530,3.456881,1.029996,-0.00015761,0.17469,0.228695,0.75498,3.685575
0.1540,3.457901,1.011894,-0.00015736,0.17555,0.228138,0.75441,3.686040
0.1550,3.458905,0.994670,-0.00015710,0.17640,0.227599,0.75383,3.686504
0.1560,3.459891,0.978297,-0.00015685,0.17726,0.227077,0.75326,3.686968
0.1570,3.460861,0.962752,-0.00015660,0.17812,0.226571,0.75269,3.687433
0.1580,3.461817,0.948008,-0.00015634,0.17898,0.226080,0.75212,3.687897
0.1590,3.462758,0.934039,-0.00015609,0.17984,0.225604,0.75154,3.688362
0.1600,3.463685,0.920823,-0.00015584,0.18069,0.225141,0.75097,3.688826
0.1610,3.464600,0.908333,-0.00015559,0.18155,0.224691,0.75040,3.689291
0.1620,3.465502,0.896546,-0.00015534,0.18241,0.224253,0.74983,3.689755
0.1630,3.466393,0.885440,-0.00015509,0.18327,0.223827,0.74925,3.690220
0.1640,3.467273,0.874990,-0.00015483,0.18413,0.223411,0.74868,3.690685
0.1650,3.468143,0.865174,-0.00015458,0.18498,0.223006,0.74811,3.691149
0.1660,3.469004,0.855972,-0.00015433,0.18584,0.222610,0.74754,3.691614
0.1670,3.469855,0.847360,-0.00015408,0.18670,0.222223,0.74696,3.692079
0.1680,3.470699,0.839320,-0.00015383,0.18756,0.221845,0.74639,3.692543
0.1690,3.471534,0.831830,-0.00015358,0.18842,0.221474,0.74582,3.693008
0.1700,3.472362,0.824872,-0.00015333,0.18927,0.221111,0.74525,3.693473
0.1710,3.473184,0.818426,-0.00015309,0.19013,0.220754,0.74467,3.693938
0.1720,3.473999,0.812474,-0.00015284,0.19099,0.220403,0.74410,3.694403
0.1730,3.474809,0.806999,-0.00015259,0.19185,0.220059,0.74353,3.694868
0.1740,3.475614,0.801984,-0.00015234,0.19271,0.219719,0.74296,3.695333
0.1750,3.476413,0.797412,-0.00015209,0.19356,0.219384,0.74238,3.695798
0.1760,3.477209,0.793267,-0.00015185,0.19442,0.219054,0.74181,3.696263
0.1770,3.478000,0.789533,-0.00015160,0.19528,0.218728,0.74124,3.696728
0.1780,3.478788,0.786197,-0.00015135,0.19614,0.218405,0.74067,3.697193
0.1790,3.479572,0.783244,-0.00015111,0.19700,0.218086,0.74009,3.697658
0.1800,3.480354,0.780659,-0.00015086,0.19785,0.217769,0.73952,3.698123
0.1810,3.481134,0.778431,-0.00015061,0.19871,0.217454,0.73895,3.698588
0.1820,3.481911,0.776545,-0.00015037,0.19957,0.217142,0.73838,3.699054
0.1830,3.482687,0.774991,-0.00015012,0.20043,0.216832,0.73780,3.699519
0.1840,3.483461,0.773755,-0.00014988,0.20129,0.216523,0.73723,3.699984
0.1850,3.484235,0.772826,-0.00014963,0.20214,0.216215,0.73666,3.700450
0.1860,3.485007,0.772194,-0.00014939,0.20300,0.215908,0.73608,3.700915
0.1870,3.485779,0.771848,-0.00014915,0.20386,0.215602,0.73551,3.701381
0.1880,3.486551,0.771777,-0.00014890,0.20472,0.215295,0.73494,3.701846
0.1890,3.487323,0.771972,-0.00014866,0.20558,0.214989,0.73437,3.702312
0.1900,3.488095,0.772423,-0.00014841,0.20643,0.214682,0.73379,3.702777
0.1910,3.488868,0.773121,-0.00014817,0.20729,0.214375,0.73322,3.703243
0.1920,3.489641,0.774057,-0.00014793,0.20815,0.214068,0.73265,3.703709
0.1930,3.490416,0.775222,-0.00014769,0.20901,0.213759,0.73208,3.704175
0.1940,3.491192,0.776608,-0.00014745,0.20986,0.213449,0.73150,3.704641
0.1950,3.491969,0.778208,-0.00014720,0.21072,0.213137,0.73093,3.705106
0.1960,3.492748,0.780012,-0.00014696,0.21158,0.212824,0.73036,3.705572
0.1970,3.493529,0.782013,-0.00014672,0.21244,0.212509,0.72979,3.706038
0.1980,3.494312,0.784205,-0.00014648,0.21330,0.212192,0.72921,3.706505
0.1990,3.495098,0.786580,-0.00014624,0.21415,0.211873,0.72864,3.706971
0.2000,3.495886,0.789130,-0.00014600,0.21501,0.211551,0.72807,3.707437
0.2010,3.496676,0.791849,-0.00014576,0.21587,0.211227,0.72750,3.707903
0.2020,3.497469,0.794730,-0.00014552,0.21673,0.210900,0.72692,3.708370
0.2030,3.498266,0.797766,-0.00014528,0.21759,0.210570,0.72635,3.708836
0.2040,3.499065,0.800952,-0.00014504,0.21844,0.210237,0.72578,3.709302
0.2050,3.499868,0.804281,-0.00014480,0.21930,0.209901,0.72521,3.709769
0.2060,3.500674,0.807745,-0.00014457,0.22016,0.209562,0.72463,3.710236
0.2070,3.501483,0.811341,-0.00014433,0.22102,0.209219,0.72406,3.710702
0.2080,3.502296,0.815060,-0.00014409,0.22188,0.208873,0.72349,3.711169
0.2090,3.503113,0.818898,-0.00014385,0.22273,0.208523,0.72292,3.711636
0.2100,3.503934,0.822848,-0.00014362,0.22359,0.208169,0.72234,3.712103
0.2110,3.504759,0.826905,-0.00014338,0.22445,0.207811,0.72177,3.712570
0.2120,3.505588,0.831062,-0.00014314,0.22531,0.207449,0.72120,3.713037
0.2130,3.506421,0.835315,-0.00014291,0.22617,0.207083,0.72062,3.713504
0.2140,3.507259,0.839656,-0.00014267,0.22702,0.206713,0.72005,3.713971
0.2150,3.508100,0.844081,-0.00014243,0.22788,0.206338,0.71948,3.714439
0.2160,3.508947,0.848583,-0.00014220,0.22874,0.205959,0.71891,3.714906
0.2170,3.509798,0.853158,-0.00014196,0.22960,0.205576,0.71833,3.715373
0.2180,3.510653,0.857798,-0.00014173,0.23046,0.205188,0.71776,3.715841
0.2190,3.511513,0.862500,-0.00014149,0.23131,0.204795,0.71719,3.716309
0.2200,3.512378,0.867256,-0.00014126,0.23217,0.204398,0.71662,3.716776
0.2210,3.513248,0.872061,-0.00014103,0.23303,0.203996,0.71604,3.717244
0.2220,3.514122,0.876910,-0.00014079,0.23389,0.203590,0.71547,3.717712
0.2230,3.515002,0.881796,-0.00014056,0.23475,0.203179,0.71490,3.718180
0.2240,3.515886,0.886715,-0.00014033,0.23560,0.202763,0.71433,3.718648
0.2250,3.516775,0.891660,-0.00014009,0.23646,0.202342,0.71375,3.719117
0.2260,3.517669,0.896625,-0.00013986,0.23732,0.201916,0.71318,3.719585
0.2270,3.518568,0.901605,-0.00013963,0.23818,0.201485,0.71261,3.720054
0.2280,3.519472,0.906594,-0.00013940,0.23904,0.201050,0.71204,3.720522
0.2290,3.520382,0.911586,-0.00013917,0.23989,0.200609,0.71146,3.720991
0.2300,3.521296,0.916575,-0.00013894,0.24075,0.200164,0.71089,3.721460
0.2310,3.522215,0.921556,-0.00013870,0.24161,0.199714,0.71032,3.721929
0.2320,3.523139,0.926523,-0.00013847,0.24247,0.199259,0.70975,3.722398
0.2330,3.524068,0.931469,-0.00013824,0.24333,0.198799,0.70917,3.722867
0.2340,3.525002,0.936389,-0.00013801,0.24418,0.198335,0.70860,3.723336
0.2350,3.525940,0.941278,-0.00013778,0.24504,0.197865,0.70803,3.723806
0.2360,3.526884,0.946129,-0.00013755,0.24590,0.197391,0.70746,3.724275
0.2370,3.527833,0.950936,-0.00013733,0.24676,0.196912,0.70688,3.724745
0.2380,3.528786,0.955695,-0.00013710,0.24762,0.196429,0.70631,3.725215
0.2390,3.529744,0.960398,-0.00013687,0.24847,0.195941,0.70574,3.725685
0.2400,3.530707,0.965041,-0.00013664,0.24933,0.195448,0.70517,3.726155
0.2410,3.531674,0.969617,-0.00013641,0.25019,0.194951,0.70459,3.726625
0.2420,3.532646,0.974121,-0.00013618,0.25105,0.194450,0.70402,3.727096
0.2430,3.533622,0.978548,-0.00013596,0.25191,0.193944,0.70345,3.727566
0.2440,3.534603,0.982891,-0.00013573,0.25276,0.193434,0.70287,3.728037
0.2450,3.535588,0.987146,-0.00013550,0.25362,0.192920,0.70230,3.728508
0.2460,3.536577,0.991307,-0.00013528,0.25448,0.192402,0.70173,3.728979
0.2470,3.537571,0.995369,-0.00013505,0.25534,0.191879,0.70116,3.729450
0.2480,3.538568,0.999327,-0.00013483,0.25620,0.191353,0.70058,3.729921
0.2490,3.539569,1.003175,-0.00013460,0.25705,0.190824,0.70001,3.730393
0.2500,3.540574,1.006909,-0.00013438,0.25791,0.190290,0.69944,3.730865
0.2510,3.541583,1.010524,-0.00013415,0.25877,0.189754,0.69887,3.731337
0.2520,3.542595,1.014015,-0.00013393,0.25963,0.189213,0.69829,3.731809
0.2530,3.543611,1.017377,-0.00013370,0.26049,0.188670,0.69772,3.732281
0.2540,3.544630,1.020606,-0.00013348,0.26134,0.188123,0.69715,3.732753
0.2550,3.545652,1.023698,-0.00013325,0.26220,0.187574,0.69658,3.733226
0.2560,3.546677,1.026649,-0.00013303,0.26306,0.187022,0.69600,3.733699
0.2570,3.547705,1.029455,-0.00013281,0.26392,0.186467,0.69543,3.734172
0.2580,3.548736,1.032113,-0.00013258,0.26478,0.185909,0.69486,3.734645
0.2590,3.549770,1.034617,-0.00013236,0.26563,0.185349,0.69429,3.735119
0.2600,3.550805,1.036966,-0.00013214,0.26649,0.184787,0.69371,3.735593
0.2610,3.551844,1.039157,-0.00013192,0.26735,0.184223,0.69314,3.736066
0.2620,3.552884,1.041185,-0.00013170,0.26821,0.183657,0.69257,3.736541
0.2630,3.553926,1.043050,-0.00013148,0.26907,0.183089,0.69200,3.737015
0.2640,3.554970,1.044747,-0.00013125,0.26992,0.182520,0.69142,3.737490
0.2650,3.556015,1.046275,-0.00013103,0.27078,0.181949,0.69085,3.737964
0.2660,3.557062,1.047633,-0.00013081,0.27164,0.181377,0.69028,3.738440
0.2670,3.558111,1.048817,-0.00013059,0.27250,0.180804,0.68971,3.738915
0.2680,3.559160,1.049828,-0.00013037,0.27336,0.180231,0.68913,3.739390
0.2690,3.560210,1.050663,-0.00013015,0.27421,0.179656,0.68856,3.739866
0.2700,3.561261,1.051321,-0.00012993,0.27507,0.179081,0.68799,3.740342
0.2710,3.562313,1.051802,-0.00012972,0.27593,0.178506,0.68741,3.740819
0.2720,3.563365,1.052105,-0.00012950,0.27679,0.177931,0.68684,3.741296
0.2730,3.564417,1.052231,-0.00012928,0.27765,0.177356,0.68627,3.741772
0.2740,3.565469,1.052179,-0.00012906,0.27850,0.176781,0.68570,3.742250
0.2750,3.566521,1.051948,-0.00012884,0.27936,0.176206,0.68512,3.742727
0.2760,3.567573,1.051541,-0.00012863,0.28022,0.175632,0.68455,3.743205
0.2770,3.568624,1.050958,-0.00012841,0.28108,0.175059,0.68398,3.743683
0.2780,3.569675,1.050199,-0.00012819,0.28194,0.174487,0.68341,3.744162
0.2790,3.570725,1.049267,-0.00012798,0.28279,0.173916,0.68283,3.744640
0.2800,3.571773,1.048162,-0.00012776,0.28365,0.173346,0.68226,3.745120
0.2810,3.572821,1.046886,-0.00012754,0.28451,0.172778,0.68169,3.745599
0.2820,3.573867,1.045442,-0.00012733,0.28537,0.172212,0.68112,3.746079
0.2830,3.574912,1.043831,-0.00012711,0.28623,0.171647,0.68054,3.746559
0.2840,3.575955,1.042057,-0.00012690,0.28708,0.171085,0.67997,3.747039
0.2850,3.576996,1.040121,-0.00012668,0.28794,0.170524,0.67940,3.747520
0.2860,3.578035,1.038027,-0.00012647,0.28880,0.169967,0.67883,3.748001
0.2870,3.579072,1.035777,-0.00012626,0.28966,0.169411,0.67825,3.748483
0.2880,3.580106,1.033375,-0.00012604,0.29052,0.168859,0.67768,3.748965
0.2890,3.581138,1.030825,-0.00012583,0.29137,0.168309,0.67711,3.749447
0.2900,3.582168,1.028130,-0.00012562,0.29223,0.167762,0.67654,3.749930
0.2910,3.583195,1.025294,-0.00012540,0.29309,0.167219,0.67596,3.750413
0.2920,3.584218,1.022320,-0.00012519,0.29395,0.166678,0.67539,3.750897
0.2930,3.585239,1.019213,-0.00012498,0.29481,0.166141,0.67482,3.751381
0.2940,3.586257,1.015977,-0.00012477,0.29566,0.165608,0.67425,3.751865
0.2950,3.587271,1.012617,-0.00012455,0.29652,0.165079,0.67367,3.752350
0.2960,3.588282,1.009136,-0.00012434,0.29738,0.164553,0.67310,3.752835
0.2970,3.589289,1.005540,-0.00012413,0.29824,0.164032,0.67253,3.753321
0.2980,3.590293,1.001834,-0.00012392,0.29910,0.163514,0.67196,3.753807
0.2990,3.591293,0.998021,-0.00012371,0.29995,0.163001,0.67138,3.754294
0.3000,3.592289,0.994106,-0.00012350,0.30081,0.162492,0.67081,3.754781
0.3010,3.593281,0.990096,-0.00012329,0.30167,0.161988,0.67024,3.755269
0.3020,3.594269,0.985994,-0.00012308,0.30253,0.161488,0.66966,3.755757
0.3030,3.595253,0.981805,-0.00012287,0.30339,0.160993,0.66909,3.756246
0.3040,3.596233,0.977536,-0.00012266,0.30424,0.160502,0.66852,3.756735
0.3050,3.597208,0.973189,-0.00012245,0.30510,0.160017,0.66795,3.757225
0.3060,3.598179,0.968772,-0.00012225,0.30596,0.159536,0.66737,3.757715
0.3070,3.599146,0.964288,-0.00012204,0.30682,0.159060,0.66680,3.758206
0.3080,3.600108,0.959743,-0.00012183,0.30768,0.158590,0.66623,3.758698
0.3090,3.601065,0.955143,-0.00012162,0.30853,0.158124,0.66566,3.759190
0.3100,3.602018,0.950491,-0.00012142,0.30939,0.157664,0.66508,3.759682
0.3110,3.602966,0.945792,-0.00012121,0.31025,0.157209,0.66451,3.760175
0.3120,3.603910,0.941053,-0.00012100,0.31111,0.156760,0.66394,3.760669
0.3130,3.604848,0.936278,-0.00012080,0.31197,0.156316,0.66337,3.761164
0.3140,3.605782,0.931471,-0.00012059,0.31282,0.155877,0.66279,3.761659
0.3150,3.606711,0.926638,-0.00012038,0.31368,0.155444,0.66222,3.762155
0.3160,3.607635,0.921784,-0.00012018,0.31454,0.155016,0.66165,3.762651
0.3170,3.608555,0.916912,-0.00011997,0.31540,0.154594,0.66108,3.763148
0.3180,3.609469,0.912028,-0.00011977,0.31625,0.154177,0.66050,3.763646
0.3190,3.610379,0.907135,-0.00011956,0.31711,0.153766,0.65993,3.764145
0.3200,3.611283,0.902240,-0.00011936,0.31797,0.153361,0.65936,3.764644
0.3210,3.612183,0.897345,-0.00011916,0.31883,0.152961,0.65879,3.765144
0.3220,3.613078,0.892456,-0.00011895,0.31969,0.152567,0.65821,3.765645
0.3230,3.613968,0.887575,-0.00011875,0.32054,0.152178,0.65764,3.766146
0.3240,3.614853,0.882708,-0.00011855,0.32140,0.151796,0.65707,3.766649
0.3250,3.615734,0.877859,-0.00011834,0.32226,0.151418,0.65650,3.767152
0.3260,3.616609,0.873030,-0.00011814,0.32312,0.151047,0.65592,3.767656
0.3270,3.617480,0.868227,-0.00011794,0.32398,0.150681,0.65535,3.768161
0.3280,3.618345,0.863452,-0.00011774,0.32483,0.150321,0.65478,3.768666
0.3290,3.619207,0.858709,-0.00011754,0.32569,0.149966,0.65420,3.769173
0.3300,3.620063,0.854001,-0.00011734,0.32655,0.149617,0.65363,3.769680
0.3310,3.620915,0.849332,-0.00011713,0.32741,0.149274,0.65306,3.770188
0.3320,3.621762,0.844705,-0.00011693,0.32827,0.148936,0.65249,3.770697
0.3330,3.622604,0.840124,-0.00011673,0.32912,0.148604,0.65191,3.771208
0.3340,3.623442,0.835590,-0.00011653,0.32998,0.148277,0.65134,3.771719
0.3350,3.624275,0.831106,-0.00011633,0.33084,0.147955,0.65077,3.772231
0.3360,3.625104,0.826677,-0.00011613,0.33170,0.147639,0.65020,3.772744
0.3370,3.625929,0.822303,-0.00011594,0.33256,0.147329,0.64962,3.773258
0.3380,3.626749,0.817988,-0.00011574,0.33341,0.147024,0.64905,3.773773
0.3390,3.627565,0.813734,-0.00011554,0.33427,0.146724,0.64848,3.774289
0.3400,3.628376,0.809543,-0.00011534,0.33513,0.146429,0.64791,3.774806
0.3410,3.629184,0.805417,-0.00011514,0.33599,0.146140,0.64733,3.775324
0.3420,3.629987,0.801360,-0.00011494,0.33685,0.145856,0.64676,3.775843
0.3430,3.630786,0.797371,-0.00011475,0.33770,0.145577,0.64619,3.776364
0.3440,3.631582,0.793454,-0.00011455,0.33856,0.145303,0.64562,3.776885
0.3450,3.632373,0.789609,-0.00011435,0.33942,0.145034,0.64504,3.777408
0.3460,3.633161,0.785840,-0.00011416,0.34028,0.144771,0.64447,3.777932
0.3470,3.633945,0.782146,-0.00011396,0.34114,0.144512,0.64390,3.778457
0.3480,3.634725,0.778531,-0.00011377,0.34199,0.144258,0.64333,3.778983
0.3490,3.635502,0.774994,-0.00011357,0.34285,0.144008,0.64275,3.779511
0.3500,3.636275,0.771538,-0.00011338,0.34371,0.143764,0.64218,3.780039
0.3510,3.637045,0.768163,-0.00011318,0.34457,0.143524,0.64161,3.780570
0.3520,3.637812,0.764871,-0.00011299,0.34543,0.143289,0.64104,3.781101
0.3530,3.638575,0.761663,-0.00011279,0.34628,0.143059,0.64046,3.781634
0.3540,3.639335,0.758539,-0.00011260,0.34714,0.142833,0.63989,3.782168
0.3550,3.640092,0.755501,-0.00011240,0.34800,0.142611,0.63932,3.782704
0.3560,3.640846,0.752549,-0.00011221,0.34886,0.142394,0.63875,3.783241
0.3570,3.641597,0.749684,-0.00011202,0.34972,0.142182,0.63817,3.783779
0.3580,3.642346,0.746906,-0.00011182,0.35057,0.141973,0.63760,3.784319
0.3590,3.643091,0.744217,-0.00011163,0.35143,0.141769,0.63703,3.784860
0.3600,3.643834,0.741617,-0.00011144,0.35229,0.141569,0.63645,3.785403
0.3610,3.644574,0.739105,-0.00011125,0.35315,0.141373,0.63588,3.785947
0.3620,3.645312,0.736684,-0.00011106,0.35401,0.141181,0.63531,3.786494
0.3630,3.646048,0.734352,-0.00011087,0.35486,0.140993,0.63474,3.787041
0.3640,3.646781,0.732111,-0.00011067,0.35572,0.140809,0.63416,3.787590
0.3650,3.647512,0.729960,-0.00011048,0.35658,0.140629,0.63359,3.788141
0.3660,3.648241,0.727899,-0.00011029,0.35744,0.140453,0.63302,3.788694
0.3670,3.648968,0.725930,-0.00011010,0.35830,0.140280,0.63245,3.789248
0.3680,3.649693,0.724051,-0.00010991,0.35915,0.140111,0.63187,3.789804
0.3690,3.650416,0.722263,-0.00010972,0.36001,0.139946,0.63130,3.790362
0.3700,3.651137,0.720566,-0.00010954,0.36087,0.139784,0.63073,3.790921
0.3710,3.651857,0.718960,-0.00010935,0.36173,0.139626,0.63016,3.791483
0.3720,3.652575,0.717445,-0.00010916,0.36259,0.139471,0.62958,3.792046
0.3730,3.653292,0.716020,-0.00010897,0.36344,0.139319,0.62901,3.792611
0.3740,3.654007,0.714686,-0.00010878,0.36430,0.139171,0.62844,3.793178
0.3750,3.654721,0.713442,-0.00010859,0.36516,0.139026,0.62787,3.793747
0.3760,3.655434,0.712288,-0.00010841,0.36602,0.138884,0.62729,3.794318
0.3770,3.656146,0.711224,-0.00010822,0.36688,0.138745,0.62672,3.794891
0.3780,3.656857,0.710250,-0.00010803,0.36773,0.138610,0.62615,3.795466
0.3790,3.657567,0.709365,-0.00010785,0.36859,0.138477,0.62558,3.796044
0.3800,3.658276,0.708568,-0.00010766,0.36945,0.138347,0.62500,3.796623
0.3810,3.658984,0.707860,-0.00010747,0.37031,0.138221,0.62443,3.797204
0.3820,3.659691,0.707240,-0.00010729,0.37117,0.138097,0.62386,3.797788
0.3830,3.660398,0.706708,-0.00010710,0.37202,0.137975,0.62329,3.798374
0.3840,3.661105,0.706263,-0.00010692,0.37288,0.137857,0.62271,3.798962
0.3850,3.661811,0.705905,-0.00010673,0.37374,0.137741,0.62214,3.799552
0.3860,3.662517,0.705633,-0.00010655,0.37460,0.137628,0.62157,3.800144
0.3870,3.663222,0.705446,-0.00010637,0.37546,0.137517,0.62099,3.800739
0.3880,3.663927,0.705345,-0.00010618,0.37631,0.137409,0.62042,3.801337
0.3890,3.664633,0.705329,-0.00010600,0.37717,0.137304,0.61985,3.801936
0.3900,3.665338,0.705396,-0.00010582,0.37803,0.137200,0.61928,3.802539
0.3910,3.666044,0.705547,-0.00010563,0.37889,0.137100,0.61870,3.803143
0.3920,3.666749,0.705781,-0.00010545,0.37975,0.137001,0.61813,3.803750
0.3930,3.667455,0.706097,-0.00010527,0.38060,0.136905,0.61756,3.804360
0.3940,3.668161,0.706494,-0.00010509,0.38146,0.136811,0.61699,3.804972
0.3950,3.668868,0.706973,-0.00010490,0.38232,0.136719,0.61641,3.805587
0.3960,3.669575,0.707531,-0.00010472,0.38318,0.136629,0.61584,3.806205
0.3970,3.670283,0.708169,-0.00010454,0.38404,0.136542,0.61527,3.806825
0.3980,3.670992,0.708886,-0.00010436,0.38489,0.136456,0.61470,3.807448
0.3990,3.671701,0.709680,-0.00010418,0.38575,0.136372,0.61412,3.808073
0.4000,3.672411,0.710552,-0.00010400,0.38661,0.136291,0.61355,3.808702
0.4010,3.673122,0.711500,-0.00010382,0.38747,0.136211,0.61298,3.809333
0.4020,3.673834,0.712523,-0.00010364,0.38833,0.136133,0.61241,3.809967
0.4030,3.674547,0.713621,-0.00010346,0.38918,0.136057,0.61183,3.810604
0.4040,3.675262,0.714793,-0.00010328,0.39004,0.135983,0.61126,3.811244
0.4050,3.675977,0.716038,-0.00010310,0.39090,0.135910,0.61069,3.811887
0.4060,3.676694,0.717355,-0.00010293,0.39176,0.135840,0.61012,3.812533
0.4070,3.677412,0.718743,-0.00010275,0.39262,0.135771,0.60954,3.813182
0.4080,3.678131,0.720201,-0.00010257,0.39347,0.135703,0.60897,3.813834
0.4090,3.678852,0.721728,-0.00010239,0.39433,0.135637,0.60840,3.814489
0.4100,3.679575,0.723323,-0.00010221,0.39519,0.135573,0.60783,3.815148
0.4110,3.680299,0.724986,-0.00010204,0.39605,0.135510,0.60725,3.815809
0.4120,3.681025,0.726715,-0.00010186,0.39691,0.135449,0.60668,3.816474
0.4130,3.681752,0.728508,-0.00010169,0.39776,0.135389,0.60611,3.817142
0.4140,3.682482,0.730366,-0.00010151,0.39862,0.135331,0.60554,3.817813
0.4150,3.683213,0.732286,-0.00010133,0.39948,0.135274,0.60496,3.818487
0.4160,3.683946,0.734268,-0.00010116,0.40034,0.135219,0.60439,3.819165
0.4170,3.684682,0.736310,-0.00010098,0.40120,0.135164,0.60382,3.819846
0.4180,3.685419,0.738412,-0.00010081,0.40205,0.135111,0.60324,3.820530
0.4190,3.686158,0.740572,-0.00010063,0.40291,0.135060,0.60267,3.821218
0.4200,3.686900,0.742788,-0.00010046,0.40377,0.135009,0.60210,3.821909
0.4210,3.687644,0.745060,-0.00010029,0.40463,0.134960,0.60153,3.822604
0.4220,3.688390,0.747386,-0.00010011,0.40549,0.134912,0.60095,3.823302
0.4230,3.689139,0.749764,-0.00009994,0.40634,0.134865,0.60038,3.824004
0.4240,3.689890,0.752194,-0.00009977,0.40720,0.134820,0.59981,3.824709
0.4250,3.690643,0.754674,-0.00009959,0.40806,0.134775,0.59924,3.825418
0.4260,3.691399,0.757202,-0.00009942,0.40892,0.134731,0.59866,3.826130
0.4270,3.692158,0.759778,-0.00009925,0.40978,0.134689,0.59809,3.826847
0.4280,3.692919,0.762398,-0.00009908,0.41063,0.134648,0.59752,3.827566
0.4290,3.693682,0.765063,-0.00009891,0.41149,0.134607,0.59695,3.828289
0.4300,3.694449,0.767770,-0.00009873,0.41235,0.134568,0.59637,3.829016
0.4310,3.695218,0.770517,-0.00009856,0.41321,0.134529,0.59580,3.829747
0.4320,3.695990,0.773304,-0.00009839,0.41407,0.134492,0.59523,3.830481
0.4330,3.696765,0.776127,-0.00009822,0.41492,0.134455,0.59466,3.831220
0.4340,3.697542,0.778987,-0.00009805,0.41578,0.134419,0.59408,3.831961
0.4350,3.698323,0.781880,-0.00009788,0.41664,0.134384,0.59351,3.832707
0.4360,3.699106,0.784805,-0.00009771,0.41750,0.134350,0.59294,3.833456
0.4370,3.699892,0.787760,-0.00009755,0.41836,0.134317,0.59237,3.834209
0.4380,3.700681,0.790743,-0.00009738,0.41921,0.134285,0.59179,3.834966
0.4390,3.701474,0.793753,-0.00009721,0.42007,0.134253,0.59122,3.835727
0.4400,3.702269,0.796788,-0.00009704,0.42093,0.134223,0.59065,3.836492
0.4410,3.703067,0.799844,-0.00009687,0.42179,0.134193,0.59008,3.837260
0.4420,3.703869,0.802921,-0.00009670,0.42264,0.134163,0.58950,3.838032
0.4430,3.704673,0.806017,-0.00009654,0.42350,0.134135,0.58893,3.838808
0.4440,3.705481,0.809129,-0.00009637,0.42436,0.134107,0.58836,3.839588
0.4450,3.706291,0.812255,-0.00009620,0.42522,0.134080,0.58779,3.840371
0.4460,3.707105,0.815393,-0.00009604,0.42608,0.134053,0.58721,3.841158
0.4470,3.707922,0.818541,-0.00009587,0.42693,0.134027,0.58664,3.841949
0.4480,3.708742,0.821697,-0.00009571,0.42779,0.134002,0.58607,3.842744
0.4490,3.709566,0.824858,-0.00009554,0.42865,0.133978,0.58549,3.843543
0.4500,3.710392,0.828023,-0.00009537,0.42951,0.133954,0.58492,3.844345
0.4510,3.711222,0.831189,-0.00009521,0.43037,0.133930,0.58435,3.845152
0.4520,3.712054,0.834353,-0.00009505,0.43122,0.133907,0.58378,3.845962
0.4530,3.712890,0.837514,-0.00009488,0.43208,0.133885,0.58320,3.846775
0.4540,3.713729,0.840668,-0.00009472,0.43294,0.133863,0.58263,3.847593
0.4550,3.714572,0.843815,-0.00009455,0.43380,0.133842,0.58206,3.848414
0.4560,3.715417,0.846951,-0.00009439,0.43466,0.133821,0.58149,3.849238
0.4570,3.716266,0.850074,-0.00009423,0.43551,0.133801,0.58091,3.850067
0.4580,3.717117,0.853181,-0.00009406,0.43637,0.133782,0.58034,3.850899
0.4590,3.717972,0.856270,-0.00009390,0.43723,0.133762,0.57977,3.851734
0.4600,3.718830,0.859340,-0.00009374,0.43809,0.133744,0.57920,3.852573
0.4610,3.719691,0.862386,-0.00009358,0.43895,0.133726,0.57862,3.853416
0.4620,3.720554,0.865408,-0.00009342,0.43980,0.133708,0.57805,3.854262
0.4630,3.721421,0.868402,-0.00009326,0.44066,0.133690,0.57748,3.855112
0.4640,3.722291,0.871366,-0.00009309,0.44152,0.133673,0.57691,3.855965
0.4650,3.723164,0.874297,-0.00009293,0.44238,0.133657,0.57633,3.856821
0.4660,3.724040,0.877194,-0.00009277,0.44324,0.133641,0.57576,3.857681
0.4670,3.724918,0.880054,-0.00009261,0.44409,0.133625,0.57519,3.858544
0.4680,3.725800,0.882874,-0.00009245,0.44495,0.133610,0.57462,3.859410
0.4690,3.726684,0.885652,-0.00009229,0.44581,0.133595,0.57404,3.860279
0.4700,3.727571,0.888385,-0.00009214,0.44667,0.133580,0.57347,3.861152
0.4710,3.728461,0.891073,-0.00009198,0.44753,0.133566,0.57290,3.862027
0.4720,3.729353,0.893711,-0.00009182,0.44838,0.133552,0.57233,3.862906
0.4730,3.730248,0.896298,-0.00009166,0.44924,0.133539,0.57175,3.863787
0.4740,3.731146,0.898831,-0.00009150,0.45010,0.133525,0.57118,3.864671
0.4750,3.732046,0.901309,-0.00009134,0.45096,0.133513,0.57061,3.865559
0.4760,3.732948,0.903729,-0.00009119,0.45182,0.133500,0.57003,3.866448
0.4770,3.733853,0.906089,-0.00009103,0.45267,0.133488,0.56946,3.867341
0.4780,3.734761,0.908386,-0.00009087,0.45353,0.133476,0.56889,3.868236
0.4790,3.735670,0.910620,-0.00009072,0.45439,0.133464,0.56832,3.869134
0.4800,3.736582,0.912787,-0.00009056,0.45525,0.133453,0.56774,3.870035
0.4810,3.737496,0.914886,-0.00009040,0.45611,0.133442,0.56717,3.870937
0.4820,3.738412,0.916915,-0.00009025,0.45696,0.133431,0.56660,3.871842
0.4830,3.739330,0.918872,-0.00009009,0.45782,0.133420,0.56603,3.872750
0.4840,3.740249,0.920756,-0.00008994,0.45868,0.133410,0.56545,3.873659
0.4850,3.741171,0.922564,-0.00008978,0.45954,0.133400,0.56488,3.874571
0.4860,3.742094,0.924296,-0.00008963,0.46040,0.133390,0.56431,3.875484
0.4870,3.743020,0.925948,-0.00008948,0.46125,0.133380,0.56374,3.876400
0.4880,3.743946,0.927521,-0.00008932,0.46211,0.133371,0.56316,3.877317
0.4890,3.744875,0.929012,-0.00008917,0.46297,0.133361,0.56259,3.878236
0.4900,3.745804,0.930420,-0.00008902,0.46383,0.133352,0.56202,3.879157
0.4910,3.746735,0.931744,-0.00008886,0.46469,0.133344,0.56145,3.880079
0.4920,3.747668,0.932983,-0.00008871,0.46554,0.133335,0.56087,3.881003
0.4930,3.748601,0.934135,-0.00008856,0.46640,0.133327,0.56030,3.881928
0.4940,3.749536,0.935200,-0.00008841,0.46726,0.133318,0.55973,3.882854
0.4950,3.750472,0.936176,-0.00008825,0.46812,0.133310,0.55916,3.883782
0.4960,3.751408,0.937064,-0.00008810,0.46898,0.133302,0.55858,3.884711
0.4970,3.752346,0.937861,-0.00008795,0.46983,0.133295,0.55801,3.885640
0.4980,3.753284,0.938568,-0.00008780,0.47069,0.133287,0.55744,3.886571
0.4990,3.754223,0.939183,-0.00008765,0.47155,0.133280,0.55687,3.887503
0.5000,3.755162,0.939707,-0.00008750,0.47241,0.133273,0.55629,3.888435
0.5010,3.756102,0.940139,-0.00008735,0.47327,0.133265,0.55572,3.889368
0.5020,3.757043,0.940478,-0.00008720,0.47412,0.133258,0.55515,3.890301
0.5030,3.757983,0.940726,-0.00008705,0.47498,0.133252,0.55458,3.891235
0.5040,3.758924,0.940880,-0.00008690,0.47584,0.133245,0.55400,3.892169
0.5050,3.759865,0.940942,-0.00008675,0.47670,0.133238,0.55343,3.893103
0.5060,3.760806,0.940912,-0.00008661,0.47756,0.133232,0.55286,3.894038
0.5070,3.761747,0.940790,-0.00008646,0.47841,0.133226,0.55228,3.894972
0.5080,3.762687,0.940575,-0.00008631,0.47927,0.133219,0.55171,3.895907
0.5090,3.763628,0.940270,-0.00008616,0.48013,0.133213,0.55114,3.896841
0.5100,3.764568,0.939873,-0.00008601,0.48099,0.133207,0.55057,3.897775
0.5110,3.765508,0.939386,-0.00008587,0.48185,0.133201,0.54999,3.898709
0.5120,3.766447,0.938810,-0.00008572,0.48270,0.133195,0.54942,3.899642
0.5130,3.767385,0.938145,-0.00008558,0.48356,0.133190,0.54885,3.900575
0.5140,3.768323,0.937392,-0.00008543,0.48442,0.133184,0.54828,3.901507
0.5150,3.769260,0.936552,-0.00008528,0.48528,0.133178,0.54770,3.902438
0.5160,3.770196,0.935626,-0.00008514,0.48614,0.133173,0.54713,3.903369
0.5170,3.771131,0.934616,-0.00008499,0.48699,0.133167,0.54656,3.904298
0.5180,3.772065,0.933522,-0.00008485,0.48785,0.133162,0.54599,3.905227
0.5190,3.772998,0.932347,-0.00008470,0.48871,0.133156,0.54541,3.906154
0.5200,3.773930,0.931091,-0.00008456,0.48957,0.133151,0.54484,3.907081
0.5210,3.774860,0.929756,-0.00008442,0.49043,0.133145,0.54427,3.908006
0.5220,3.775789,0.928344,-0.00008427,0.49128,0.133140,0.54370,3.908929
0.5230,3.776717,0.926856,-0.00008413,0.49214,0.133135,0.54312,3.909852
0.5240,3.777643,0.925294,-0.00008399,0.49300,0.133129,0.54255,3.910772
0.5250,3.778568,0.923660,-0.00008384,0.49386,0.133124,0.54198,3.911692
0.5260,3.779490,0.921956,-0.00008370,0.49472,0.133119,0.54141,3.912609
0.5270,3.780411,0.920184,-0.00008356,0.49557,0.133113,0.54083,3.913525
0.5280,3.781331,0.918345,-0.00008342,0.49643,0.133108,0.54026,3.914439
0.5290,3.782248,0.916443,-0.00008328,0.49729,0.133103,0.53969,3.915351
0.5300,3.783164,0.914479,-0.00008314,0.49815,0.133097,0.53912,3.916261
0.5310,3.784077,0.912456,-0.00008299,0.49901,0.133092,0.53854,3.917169
0.5320,3.784988,0.910375,-0.00008285,0.49986,0.133086,0.53797,3.918075
0.5330,3.785898,0.908240,-0.00008271,0.50072,0.133081,0.53740,3.918979
0.5340,3.786805,0.906052,-0.00008257,0.50158,0.133075,0.53682,3.919880
0.5350,3.787710,0.903814,-0.00008243,0.50244,0.133070,0.53625,3.920779
0.5360,3.788613,0.901529,-0.00008229,0.50330,0.133064,0.53568,3.921676
0.5370,3.789513,0.899200,-0.00008216,0.50415,0.133058,0.53511,3.922571
0.5380,3.790411,0.896828,-0.00008202,0.50501,0.133052,0.53453,3.923463
0.5390,3.791307,0.894416,-0.00008188,0.50587,0.133046,0.53396,3.924352
0.5400,3.792200,0.891968,-0.00008174,0.50673,0.133040,0.53339,3.925239
0.5410,3.793090,0.889486,-0.00008160,0.50759,0.133033,0.53282,3.926124
0.5420,3.793979,0.886973,-0.00008146,0.50844,0.133027,0.53224,3.927005
0.5430,3.794864,0.884431,-0.00008133,0.50930,0.133020,0.53167,3.927884
0.5440,3.795748,0.881864,-0.00008119,0.51016,0.133013,0.53110,3.928761
0.5450,3.796628,0.879274,-0.00008105,0.51102,0.133006,0.53053,3.929634
0.5460,3.797506,0.876664,-0.00008092,0.51188,0.132999,0.52995,3.930505
0.5470,3.798381,0.874038,-0.00008078,0.51273,0.132991,0.52938,3.931373
0.5480,3.799254,0.871398,-0.00008065,0.51359,0.132983,0.52881,3.932238
0.5490,3.800124,0.868748,-0.00008051,0.51445,0.132975,0.52824,3.933100
0.5500,3.800992,0.866090,-0.00008038,0.51531,0.132967,0.52766,3.933959
0.5510,3.801856,0.863427,-0.00008024,0.51617,0.132959,0.52709,3.934815
0.5520,3.802719,0.860763,-0.00008011,0.51702,0.132950,0.52652,3.935668
0.5530,3.803578,0.858101,-0.00007997,0.51788,0.132941,0.52595,3.936519
0.5540,3.804435,0.855444,-0.00007984,0.51874,0.132931,0.52537,3.937366
0.5550,3.805289,0.852795,-0.00007970,0.51960,0.132921,0.52480,3.938210
0.5560,3.806140,0.850158,-0.00007957,0.52046,0.132911,0.52423,3.939051
0.5570,3.806989,0.847535,-0.00007944,0.52131,0.132900,0.52366,3.939889
0.5580,3.807835,0.844930,-0.00007930,0.52217,0.132889,0.52308,3.940724
0.5590,3.808679,0.842346,-0.00007917,0.52303,0.132877,0.52251,3.941556
0.5600,3.809520,0.839788,-0.00007904,0.52389,0.132865,0.52194,3.942385
0.5610,3.810359,0.837257,-0.00007891,0.52475,0.132852,0.52137,3.943211
0.5620,3.811195,0.834758,-0.00007878,0.52560,0.132839,0.52079,3.944034
0.5630,3.812028,0.832293,-0.00007865,0.52646,0.132825,0.52022,3.944853
0.5640,3.812859,0.829868,-0.00007851,0.52732,0.132811,0.51965,3.945670
0.5650,3.813688,0.827484,-0.00007838,0.52818,0.132795,0.51907,3.946483
0.5660,3.814514,0.825146,-0.00007825,0.52903,0.132780,0.51850,3.947294
0.5670,3.815338,0.822858,-0.00007812,0.52989,0.132763,0.51793,3.948101
0.5680,3.816160,0.820622,-0.00007799,0.53075,0.132746,0.51736,3.948905
0.5690,3.816979,0.818444,-0.00007786,0.53161,0.132727,0.51678,3.949707
0.5700,3.817797,0.816326,-0.00007774,0.53247,0.132708,0.51621,3.950505
0.5710,3.818612,0.814272,-0.00007761,0.53332,0.132688,0.51564,3.951300
0.5720,3.819425,0.812287,-0.00007748,0.53418,0.132667,0.51507,3.952093
0.5730,3.820237,0.810374,-0.00007735,0.53504,0.132645,0.51449,3.952882
0.5740,3.821046,0.808537,-0.00007722,0.53590,0.132622,0.51392,3.953668
0.5750,3.821854,0.806782,-0.00007709,0.53676,0.132598,0.51335,3.954452
0.5760,3.822660,0.805111,-0.00007697,0.53761,0.132573,0.51278,3.955232
0.5770,3.823464,0.803529,-0.00007684,0.53847,0.132546,0.51220,3.956010
0.5780,3.824267,0.802040,-0.00007671,0.53933,0.132518,0.51163,3.956785
0.5790,3.825068,0.800649,-0.00007659,0.54019,0.132489,0.51106,3.957557
0.5800,3.825868,0.799361,-0.00007646,0.54105,0.132458,0.51049,3.958326
0.5810,3.826667,0.798180,-0.00007633,0.54190,0.132426,0.50991,3.959093
0.5820,3.827465,0.797110,-0.00007621,0.54276,0.132392,0.50934,3.959856
0.5830,3.828261,0.796157,-0.00007608,0.54362,0.132356,0.50877,3.960617
0.5840,3.829057,0.795326,-0.00007596,0.54448,0.132319,0.50820,3.961376
0.5850,3.829852,0.794621,-0.00007583,0.54534,0.132279,0.50762,3.962131
0.5860,3.830646,0.794048,-0.00007571,0.54619,0.132238,0.50705,3.962884
0.5870,3.831440,0.793612,-0.00007559,0.54705,0.132195,0.50648,3.963635
0.5880,3.832233,0.793317,-0.00007546,0.54791,0.132149,0.50591,3.964383
0.5890,3.833027,0.793171,-0.00007534,0.54877,0.132102,0.50533,3.965128
0.5900,3.833820,0.793177,-0.00007522,0.54963,0.132052,0.50476,3.965871
0.5910,3.834613,0.793343,-0.00007509,0.55048,0.131999,0.50419,3.966612
0.5920,3.835407,0.793673,-0.00007497,0.55134,0.131944,0.50361,3.967350
0.5930,3.836201,0.794173,-0.00007485,0.55220,0.131886,0.50304,3.968086
0.5940,3.836995,0.794850,-0.00007473,0.55306,0.131825,0.50247,3.968820
0.5950,3.837790,0.795708,-0.00007460,0.55392,0.131761,0.50190,3.969551
0.5960,3.838587,0.796756,-0.00007448,0.55477,0.131694,0.50132,3.970280
0.5970,3.839384,0.797997,-0.00007436,0.55563,0.131623,0.50075,3.971007
0.5980,3.840183,0.799440,-0.00007424,0.55649,0.131549,0.50018,3.971732
0.5990,3.840983,0.801089,-0.00007412,0.55735,0.131472,0.49961,3.972455
0.6000,3.841785,0.802951,-0.00007400,0.55821,0.131391,0.49903,3.973175
0.6010,3.842589,0.805033,-0.00007388,0.55906,0.131305,0.49846,3.973894
0.6020,3.843395,0.807340,-0.00007376,0.55992,0.131216,0.49789,3.974611
0.6030,3.844204,0.809879,-0.00007364,0.56078,0.131122,0.49732,3.975326
0.6040,3.845015,0.812656,-0.00007352,0.56164,0.131024,0.49674,3.976039
0.6050,3.845829,0.815677,-0.00007340,0.56250,0.130921,0.49617,3.976750
0.6060,3.846646,0.818948,-0.00007329,0.56335,0.130813,0.49560,3.977460
0.6070,3.847467,0.822474,-0.00007317,0.56421,0.130700,0.49503,3.978167
0.6080,3.848291,0.826262,-0.00007305,0.56507,0.130582,0.49445,3.978873
0.6090,3.849120,0.830315,-0.00007293,0.56593,0.130458,0.49388,3.979578
0.6100,3.849952,0.834640,-0.00007281,0.56679,0.130329,0.49331,3.980281
0.6110,3.850789,0.839242,-0.00007270,0.56764,0.130193,0.49274,3.980982
0.6120,3.851631,0.844123,-0.00007258,0.56850,0.130052,0.49216,3.981682
0.6130,3.852477,0.849288,-0.00007247,0.56936,0.129904,0.49159,3.982381
0.6140,3.853329,0.854740,-0.00007235,0.57022,0.129749,0.49102,3.983078
0.6150,3.854187,0.860482,-0.00007223,0.57108,0.129587,0.49045,3.983774
0.6160,3.855050,0.866516,-0.00007212,0.57193,0.129418,0.48987,3.984468
0.6170,3.855920,0.872842,-0.00007200,0.57279,0.129242,0.48930,3.985162
0.6180,3.856796,0.879461,-0.00007189,0.57365,0.129058,0.48873,3.985854
0.6190,3.857679,0.886373,-0.00007177,0.57451,0.128866,0.48816,3.986545
0.6200,3.858569,0.893576,-0.00007166,0.57537,0.128666,0.48758,3.987235
0.6210,3.859466,0.901067,-0.00007155,0.57622,0.128458,0.48701,3.987924
0.6220,3.860371,0.908842,-0.00007143,0.57708,0.128241,0.48644,3.988612
0.6230,3.861284,0.916897,-0.00007132,0.57794,0.128015,0.48586,3.989299
0.6240,3.862205,0.925225,-0.00007121,0.57880,0.127780,0.48529,3.989985
0.6250,3.863135,0.933817,-0.00007109,0.57966,0.127536,0.48472,3.990670
0.6260,3.864073,0.942665,-0.00007098,0.58051,0.127282,0.48415,3.991355
0.6270,3.865020,0.951757,-0.00007087,0.58137,0.127019,0.48357,3.992039
0.6280,3.865976,0.961080,-0.00007076,0.58223,0.126746,0.48300,3.992722
0.6290,3.866942,0.970620,-0.00007065,0.58309,0.126462,0.48243,3.993405
0.6300,3.867918,0.980362,-0.00007054,0.58395,0.126169,0.48186,3.994087
0.6310,3.868903,0.990285,-0.00007042,0.58480,0.125865,0.48128,3.994768
0.6320,3.869898,1.000371,-0.00007031,0.58566,0.125551,0.48071,3.995449
0.6330,3.870904,1.010597,-0.00007020,0.58652,0.125226,0.48014,3.996129
0.6340,3.871920,1.020940,-0.00007009,0.58738,0.124890,0.47957,3.996810
0.6350,3.872946,1.031373,-0.00006998,0.58824,0.124544,0.47899,3.997489
0.6360,3.873982,1.041869,-0.00006987,0.58909,0.124187,0.47842,3.998169
0.6370,3.875029,1.052399,-0.00006977,0.58995,0.123819,0.47785,3.998848
0.6380,3.876087,1.062930,-0.00006966,0.59081,0.123440,0.47728,3.999527
0.6390,3.877155,1.073431,-0.00006955,0.59167,0.123051,0.47670,4.000206
0.6400,3.878234,1.083866,-0.00006944,0.59253,0.122651,0.47613,4.000885
0.6410,3.879323,1.094200,-0.00006933,0.59338,0.122241,0.47556,4.001564
0.6420,3.880422,1.104397,-0.00006922,0.59424,0.121820,0.47499,4.002242
0.6430,3.881532,1.114418,-0.00006912,0.59510,0.121390,0.47441,4.002921
0.6440,3.882651,1.124225,-0.00006901,0.59596,0.120949,0.47384,4.003600
0.6450,3.883780,1.133779,-0.00006890,0.59682,0.120499,0.47327,4.004279
0.6460,3.884919,1.143040,-0.00006880,0.59767,0.120040,0.47270,4.004958
0.6470,3.886066,1.151970,-0.00006869,0.59853,0.119572,0.47212,4.005638
0.6480,3.887222,1.160530,-0.00006859,0.59939,0.119095,0.47155,4.006318
0.6490,3.888387,1.168682,-0.00006848,0.60025,0.118611,0.47098,4.006998
0.6500,3.889560,1.176389,-0.00006837,0.60111,0.118119,0.47040,4.007678
0.6510,3.890740,1.183617,-0.00006827,0.60196,0.117619,0.46983,4.008359
0.6520,3.891927,1.190332,-0.00006817,0.60282,0.117114,0.46926,4.009040
0.6530,3.893120,1.196501,-0.00006806,0.60368,0.116602,0.46869,4.009722
0.6540,3.894319,1.202097,-0.00006796,0.60454,0.116085,0.46811,4.010404
0.6550,3.895524,1.207093,-0.00006785,0.60540,0.115563,0.46754,4.011087
0.6560,3.896733,1.211465,-0.00006775,0.60625,0.115038,0.46697,4.011771
0.6570,3.897947,1.215195,-0.00006765,0.60711,0.114508,0.46640,4.012455
0.6580,3.899164,1.218264,-0.00006754,0.60797,0.113977,0.46582,4.013140
0.6590,3.900383,1.220662,-0.00006744,0.60883,0.113443,0.46525,4.013826
0.6600,3.901605,1.222377,-0.00006734,0.60969,0.112908,0.46468,4.014513
0.6610,3.902828,1.223406,-0.00006724,0.61054,0.112372,0.46411,4.015200
0.6620,3.904051,1.223748,-0.00006714,0.61140,0.111837,0.46353,4.015888
0.6630,3.905275,1.223404,-0.00006704,0.61226,0.111303,0.46296,4.016577
0.6640,3.906498,1.222383,-0.00006693,0.61312,0.110770,0.46239,4.017268
0.6650,3.907719,1.220693,-0.00006683,0.61398,0.110240,0.46182,4.017959
0.6660,3.908939,1.218351,-0.00006673,0.61483,0.109712,0.46124,4.018651
0.6670,3.910156,1.215374,-0.00006663,0.61569,0.109189,0.46067,4.019345
0.6680,3.911370,1.211782,-0.00006653,0.61655,0.108670,0.46010,4.020039
0.6690,3.912579,1.207602,-0.00006643,0.61741,0.108156,0.45953,4.020735
0.6700,3.913785,1.202859,-0.00006633,0.61827,0.107647,0.45895,4.021432
0.6710,3.914985,1.197583,-0.00006624,0.61912,0.107145,0.45838,4.022130
0.6720,3.916180,1.191808,-0.00006614,0.61998,0.106650,0.45781,4.022830
0.6730,3.917368,1.185566,-0.00006604,0.62084,0.106162,0.45724,4.023531
0.6740,3.918551,1.178893,-0.00006594,0.62170,0.105682,0.45666,4.024233
0.6750,3.919726,1.171827,-0.00006584,0.62256,0.105211,0.45609,4.024936
0.6760,3.920894,1.164405,-0.00006575,0.62341,0.104748,0.45552,4.025642
0.6770,3.922055,1.156665,-0.00006565,0.62427,0.104294,0.45495,4.026348
0.6780,3.923207,1.148646,-0.00006555,0.62513,0.103849,0.45437,4.027056
0.6790,3.924352,1.140386,-0.00006546,0.62599,0.103414,0.45380,4.027766
0.6800,3.925488,1.131924,-0.00006536,0.62685,0.102990,0.45323,4.028478
0.6810,3.926616,1.123297,-0.00006526,0.62770,0.102575,0.45265,4.029191
0.6820,3.927735,1.114542,-0.00006517,0.62856,0.102171,0.45208,4.029905
0.6830,3.928845,1.105694,-0.00006507,0.62942,0.101777,0.45151,4.030622
0.6840,3.929946,1.096789,-0.00006498,0.63028,0.101394,0.45094,4.031340
0.6850,3.931038,1.087859,-0.00006488,0.63114,0.101022,0.45036,4.032060
0.6860,3.932122,1.078935,-0.00006479,0.63199,0.100660,0.44979,4.032782
0.6870,3.933196,1.070047,-0.00006470,0.63285,0.100309,0.44922,4.033505
0.6880,3.934262,1.061223,-0.00006460,0.63371,0.099969,0.44865,4.034231
0.6890,3.935319,1.052490,-0.00006451,0.63457,0.099640,0.44807,4.034958
0.6900,3.936367,1.043870,-0.00006441,0.63542,0.099321,0.44750,4.035688
0.6910,3.937406,1.035387,-0.00006432,0.63628,0.099013,0.44693,4.036419
0.6920,3.938438,1.027061,-0.00006423,0.63714,0.098715,0.44636,4.037152
0.6930,3.939461,1.018911,-0.00006414,0.63800,0.098427,0.44578,4.037888
0.6940,3.940475,1.010952,-0.00006405,0.63886,0.098150,0.44521,4.038625
0.6950,3.941483,1.003199,-0.00006395,0.63971,0.097883,0.44464,4.039365
0.6960,3.942482,0.995667,-0.00006386,0.64057,0.097625,0.44407,4.040107
0.6970,3.943474,0.988365,-0.00006377,0.64143,0.097377,0.44349,4.040851
0.6980,3.944459,0.981303,-0.00006368,0.64229,0.097138,0.44292,4.041597
0.6990,3.945437,0.974489,-0.00006359,0.64315,0.096909,0.44235,4.042346
0.7000,3.946408,0.967930,-0.00006350,0.64400,0.096688,0.44178,4.043096
0.7010,3.947373,0.961631,-0.00006341,0.64486,0.096477,0.44120,4.043849
0.7020,3.948331,0.955595,-0.00006332,0.64572,0.096273,0.44063,4.044605
0.7030,3.949284,0.949826,-0.00006323,0.64658,0.096078,0.44006,4.045362
0.7040,3.950231,0.944324,-0.00006314,0.64744,0.095891,0.43949,4.046122
0.7050,3.951173,0.939090,-0.00006305,0.64829,0.095712,0.43891,4.046885
0.7060,3.952109,0.934124,-0.00006297,0.64915,0.095540,0.43834,4.047649
0.7070,3.953041,0.929423,-0.00006288,0.65001,0.095376,0.43777,4.048417
0.7080,3.953968,0.924987,-0.00006279,0.65087,0.095218,0.43720,4.049186
0.7090,3.954891,0.920811,-0.00006270,0.65173,0.095068,0.43662,4.049959
0.7100,3.955810,0.916893,-0.00006261,0.65258,0.094923,0.43605,4.050733
0.7110,3.956725,0.913228,-0.00006253,0.65344,0.094786,0.43548,4.051511
0.7120,3.957636,0.909811,-0.00006244,0.65430,0.094654,0.43490,4.052290
0.7130,3.958545,0.906638,-0.00006236,0.65516,0.094528,0.43433,4.053073
0.7140,3.959450,0.903703,-0.00006227,0.65602,0.094408,0.43376,4.053858
0.7150,3.960352,0.901000,-0.00006218,0.65687,0.094293,0.43319,4.054645
0.7160,3.961252,0.898524,-0.00006210,0.65773,0.094184,0.43261,4.055435
0.7170,3.962149,0.896268,-0.00006201,0.65859,0.094079,0.43204,4.056228
0.7180,3.963044,0.894225,-0.00006193,0.65945,0.093979,0.43147,4.057024
0.7190,3.963938,0.892389,-0.00006184,0.66031,0.093884,0.43090,4.057822
0.7200,3.964829,0.890754,-0.00006176,0.66116,0.093793,0.43032,4.058623
0.7210,3.965719,0.889313,-0.00006168,0.66202,0.093707,0.42975,4.059426
0.7220,3.966608,0.888058,-0.00006159,0.66288,0.093624,0.42918,4.060232
0.7230,3.967495,0.886983,-0.00006151,0.66374,0.093546,0.42861,4.061041
0.7240,3.968382,0.886081,-0.00006143,0.66460,0.093471,0.42803,4.061853
0.7250,3.969268,0.885346,-0.00006134,0.66545,0.093399,0.42746,4.062667
0.7260,3.970153,0.884770,-0.00006126,0.66631,0.093331,0.42689,4.063484
0.7270,3.971037,0.884346,-0.00006118,0.66717,0.093267,0.42632,4.064304
0.7280,3.971921,0.884069,-0.00006110,0.66803,0.093205,0.42574,4.065127
0.7290,3.972805,0.883932,-0.00006102,0.66889,0.093147,0.42517,4.065952
0.7300,3.973689,0.883928,-0.00006094,0.66974,0.093091,0.42460,4.066780
0.7310,3.974573,0.884050,-0.00006085,0.67060,0.093038,0.42403,4.067611
0.7320,3.975458,0.884292,-0.00006077,0.67146,0.092987,0.42345,4.068445
0.7330,3.976342,0.884649,-0.00006069,0.67232,0.092939,0.42288,4.069281
0.7340,3.977227,0.885113,-0.00006061,0.67318,0.092893,0.42231,4.070120
0.7350,3.978112,0.885680,-0.00006053,0.67403,0.092850,0.42174,4.070962
0.7360,3.978998,0.886342,-0.00006045,0.67489,0.092808,0.42116,4.071806
0.7370,3.979885,0.887095,-0.00006038,0.67575,0.092769,0.42059,4.072654
0.7380,3.980772,0.887932,-0.00006030,0.67661,0.092731,0.42002,4.073504
0.7390,3.981661,0.888848,-0.00006022,0.67747,0.092696,0.41944,4.074357
0.7400,3.982550,0.889838,-0.00006014,0.67832,0.092662,0.41887,4.075212
0.7410,3.983441,0.890896,-0.00006006,0.67918,0.092630,0.41830,4.076070
0.7420,3.984332,0.892018,-0.00005998,0.68004,0.092599,0.41773,4.076931
0.7430,3.985225,0.893196,-0.00005991,0.68090,0.092570,0.41715,4.077795
0.7440,3.986118,0.894428,-0.00005983,0.68176,0.092542,0.41658,4.078661
0.7450,3.987013,0.895708,-0.00005975,0.68261,0.092516,0.41601,4.079530
0.7460,3.987910,0.897030,-0.00005968,0.68347,0.092491,0.41544,4.080401
0.7470,3.988808,0.898391,-0.00005960,0.68433,0.092468,0.41486,4.081275
0.7480,3.989707,0.899785,-0.00005953,0.68519,0.092445,0.41429,4.082152
0.7490,3.990607,0.901208,-0.00005945,0.68605,0.092424,0.41372,4.083031
0.7500,3.991509,0.902656,-0.00005937,0.68690,0.092403,0.41315,4.083912
0.7510,3.992412,0.904123,-0.00005930,0.68776,0.092384,0.41257,4.084796
0.7520,3.993317,0.905606,-0.00005923,0.68862,0.092366,0.41200,4.085683
0.7530,3.994224,0.907101,-0.00005915,0.68948,0.092348,0.41143,4.086572
0.7540,3.995131,0.908602,-0.00005908,0.69034,0.092332,0.41086,4.087463
0.7550,3.996041,0.910106,-0.00005900,0.69119,0.092316,0.41028,4.088357
0.7560,3.996952,0.911609,-0.00005893,0.69205,0.092301,0.40971,4.089253
0.7570,3.997864,0.913107,-0.00005886,0.69291,0.092287,0.40914,4.090151
0.7580,3.998778,0.914595,-0.00005878,0.69377,0.092273,0.40857,4.091051
0.7590,3.999693,0.916070,-0.00005871,0.69463,0.092260,0.40799,4.091954
0.7600,4.000610,0.917528,-0.00005864,0.69548,0.092248,0.40742,4.092858
0.7610,4.001528,0.918964,-0.00005857,0.69634,0.092237,0.40685,4.093765
0.7620,4.002448,0.920376,-0.00005850,0.69720,0.092226,0.40628,4.094674
0.7630,4.003369,0.921758,-0.00005843,0.69806,0.092215,0.40570,4.095584
0.7640,4.004291,0.923108,-0.00005835,0.69892,0.092205,0.40513,4.096497
0.7650,4.005215,0.924422,-0.00005828,0.69977,0.092196,0.40456,4.097411
0.7660,4.006140,0.925696,-0.00005821,0.70063,0.092187,0.40399,4.098327
0.7670,4.007067,0.926926,-0.00005814,0.70149,0.092179,0.40341,4.099245
0.7680,4.007994,0.928108,-0.00005807,0.70235,0.092171,0.40284,4.100165
0.7690,4.008923,0.929240,-0.00005800,0.70321,0.092163,0.40227,4.101086
0.7700,4.009853,0.930317,-0.00005794,0.70406,0.092156,0.40169,4.102008
0.7710,4.010783,0.931335,-0.00005787,0.70492,0.092149,0.40112,4.102932
0.7720,4.011715,0.932292,-0.00005780,0.70578,0.092142,0.40055,4.103858
0.7730,4.012648,0.933183,-0.00005773,0.70664,0.092136,0.39998,4.104784
0.7740,4.013582,0.934006,-0.00005766,0.70750,0.092130,0.39940,4.105712
0.7750,4.014516,0.934756,-0.00005759,0.70835,0.092125,0.39883,4.106641
0.7760,4.015451,0.935430,-0.00005753,0.70921,0.092119,0.39826,4.107570
0.7770,4.016387,0.936024,-0.00005746,0.71007,0.092114,0.39769,4.108501
0.7780,4.017323,0.936536,-0.00005739,0.71093,0.092110,0.39711,4.109433
0.7790,4.018260,0.936961,-0.00005733,0.71179,0.092105,0.39654,4.110365
0.7800,4.019197,0.937297,-0.00005726,0.71264,0.092101,0.39597,4.111298
0.7810,4.020134,0.937539,-0.00005719,0.71350,0.092097,0.39540,4.112231
0.7820,4.021072,0.937685,-0.00005713,0.71436,0.092093,0.39482,4.113165
0.7830,4.022010,0.937731,-0.00005706,0.71522,0.092089,0.39425,4.114099
0.7840,4.022947,0.937673,-0.00005700,0.71608,0.092085,0.39368,4.115033
0.7850,4.023885,0.937509,-0.00005693,0.71693,0.092082,0.39311,4.115967
0.7860,4.024822,0.937235,-0.00005687,0.71779,0.092079,0.39253,4.116901
0.7870,4.025760,0.936847,-0.00005681,0.71865,0.092076,0.39196,4.117836
0.7880,4.026696,0.936344,-0.00005674,0.71951,0.092073,0.39139,4.118769
0.7890,4.027632,0.935720,-0.00005668,0.72037,0.092070,0.39082,4.119703
0.7900,4.028568,0.934973,-0.00005661,0.72122,0.092068,0.39024,4.120635
0.7910,4.029502,0.934101,-0.00005655,0.72208,0.092065,0.38967,4.121568
0.7920,4.030436,0.933099,-0.00005649,0.72294,0.092063,0.38910,4.122499
0.7930,4.031368,0.931965,-0.00005643,0.72380,0.092061,0.38853,4.123429
0.7940,4.032300,0.930696,-0.00005637,0.72466,0.092059,0.38795,4.124358
0.7950,4.033230,0.929288,-0.00005630,0.72551,0.092057,0.38738,4.125286
0.7960,4.034158,0.927739,-0.00005624,0.72637,0.092055,0.38681,4.126213
0.7970,4.035085,0.926046,-0.00005618,0.72723,0.092053,0.38623,4.127138
0.7980,4.036010,0.924206,-0.00005612,0.72809,0.092052,0.38566,4.128062
0.7990,4.036933,0.922215,-0.00005606,0.72895,0.092050,0.38509,4.128983
0.8000,4.037855,0.920073,-0.00005600,0.72980,0.092048,0.38452,4.129903
0.8010,4.038773,0.917775,-0.00005594,0.73066,0.092047,0.38394,4.130820
0.8020,4.039690,0.915319,-0.00005588,0.73152,0.092046,0.38337,4.131736
0.8030,4.040604,0.912703,-0.00005582,0.73238,0.092044,0.38280,4.132648
0.8040,4.041515,0.909925,-0.00005576,0.73324,0.092043,0.38223,4.133558
0.8050,4.042424,0.906981,-0.00005570,0.73409,0.092042,0.38165,4.134466
0.8060,4.043329,0.903870,-0.00005565,0.73495,0.092041,0.38108,4.135370
0.8070,4.044232,0.900589,-0.00005559,0.73581,0.092040,0.38051,4.136271
0.8080,4.045130,0.897137,-0.00005553,0.73667,0.092039,0.37994,4.137169
0.8090,4.046026,0.893511,-0.00005547,0.73753,0.092038,0.37936,4.138064
0.8100,4.046917,0.889710,-0.00005541,0.73838,0.092037,0.37879,4.138954
0.8110,4.047805,0.885731,-0.00005536,0.73924,0.092036,0.37822,4.139841
0.8120,4.048689,0.881574,-0.00005530,0.74010,0.092035,0.37765,4.140724
0.8130,4.049568,0.877236,-0.00005525,0.74096,0.092034,0.37707,4.141603
0.8140,4.050443,0.872717,-0.00005519,0.74181,0.092034,0.37650,4.142477
0.8150,4.051314,0.868015,-0.00005513,0.74267,0.092033,0.37593,4.143347
0.8160,4.052179,0.863129,-0.00005508,0.74353,0.092032,0.37536,4.144212
0.8170,4.053040,0.858059,-0.00005502,0.74439,0.092032,0.37478,4.145071
0.8180,4.053895,0.852802,-0.00005497,0.74525,0.092031,0.37421,4.145926
0.8190,4.054745,0.847360,-0.00005491,0.74610,0.092031,0.37364,4.146776
0.8200,4.055590,0.841731,-0.00005486,0.74696,0.092030,0.37307,4.147620
0.8210,4.056429,0.835915,-0.00005481,0.74782,0.092030,0.37249,4.148458
0.8220,4.057262,0.829912,-0.00005475,0.74868,0.092029,0.37192,4.149291
0.8230,4.058088,0.823722,-0.00005470,0.74954,0.092029,0.37135,4.150117
0.8240,4.058909,0.817346,-0.00005465,0.75039,0.092028,0.37078,4.150937
0.8250,4.059723,0.810784,-0.00005459,0.75125,0.092028,0.37020,4.151751
0.8260,4.060531,0.804036,-0.00005454,0.75211,0.092027,0.36963,4.152558
0.8270,4.061331,0.797105,-0.00005449,0.75297,0.092027,0.36906,4.153358
0.8280,4.062125,0.789990,-0.00005444,0.75383,0.092027,0.36848,4.154151
0.8290,4.062911,0.782693,-0.00005439,0.75468,0.092026,0.36791,4.154937
0.8300,4.063690,0.775217,-0.00005434,0.75554,0.092026,0.36734,4.155716
0.8310,4.064461,0.767562,-0.00005428,0.75640,0.092026,0.36677,4.156487
0.8320,4.065225,0.759731,-0.00005423,0.75726,0.092025,0.36619,4.157250
0.8330,4.065981,0.751726,-0.00005418,0.75812,0.092025,0.36562,4.158006
0.8340,4.066728,0.743550,-0.00005413,0.75897,0.092025,0.36505,4.158753
0.8350,4.067468,0.735206,-0.00005408,0.75983,0.092025,0.36448,4.159492
0.8360,4.068199,0.726697,-0.00005403,0.76069,0.092024,0.36390,4.160223
0.8370,4.068921,0.718027,-0.00005399,0.76155,0.092024,0.36333,4.160945
0.8380,4.069635,0.709198,-0.00005394,0.76241,0.092024,0.36276,4.161659
0.8390,4.070340,0.700216,-0.00005389,0.76326,0.092024,0.36219,4.162363
0.8400,4.071035,0.691084,-0.00005384,0.76412,0.092024,0.36161,4.163059
0.8410,4.071722,0.681808,-0.00005379,0.76498,0.092023,0.36104,4.163745
0.8420,4.072399,0.672391,-0.00005374,0.76584,0.092023,0.36047,4.164422
0.8430,4.073066,0.662839,-0.00005370,0.76670,0.092023,0.35990,4.165089
0.8440,4.073724,0.653157,-0.00005365,0.76755,0.092023,0.35932,4.165747
0.8450,4.074373,0.643352,-0.00005360,0.76841,0.092023,0.35875,4.166395
0.8460,4.075011,0.633430,-0.00005356,0.76927,0.092023,0.35818,4.167034
0.8470,4.075639,0.623396,-0.00005351,0.77013,0.092022,0.35761,4.167662
0.8480,4.076258,0.613258,-0.00005347,0.77099,0.092022,0.35703,4.168280
0.8490,4.076866,0.603022,-0.00005342,0.77184,0.092022,0.35646,4.168888
0.8500,4.077464,0.592696,-0.00005338,0.77270,0.092022,0.35589,4.169486
0.8510,4.078051,0.582288,-0.00005333,0.77356,0.092022,0.35532,4.170073
0.8520,4.078628,0.571805,-0.00005329,0.77442,0.092022,0.35474,4.170650
0.8530,4.079195,0.561256,-0.00005324,0.77528,0.092022,0.35417,4.171217
0.8540,4.079751,0.550649,-0.00005320,0.77613,0.092022,0.35360,4.171773
0.8550,4.080296,0.539994,-0.00005315,0.77699,0.092022,0.35302,4.172318
0.8560,4.080831,0.529298,-0.00005311,0.77785,0.092022,0.35245,4.172852
0.8570,4.081355,0.518573,-0.00005307,0.77871,0.092021,0.35188,4.173376
0.8580,4.081868,0.507827,-0.00005302,0.77957,0.092021,0.35131,4.173889
0.8590,4.082370,0.497070,-0.00005298,0.78042,0.092021,0.35073,4.174392
0.8600,4.082862,0.486313,-0.00005294,0.78128,0.092021,0.35016,4.174883
0.8610,4.083343,0.475567,-0.00005290,0.78214,0.092021,0.34959,4.175364
0.8620,4.083813,0.464842,-0.00005286,0.78300,0.092021,0.34902,4.175834
0.8630,4.084273,0.454149,-0.00005282,0.78386,0.092021,0.34844,4.176294
0.8640,4.084722,0.443500,-0.00005277,0.78471,0.092021,0.34787,4.176743
0.8650,4.085160,0.432906,-0.00005273,0.78557,0.092021,0.34730,4.177181
0.8660,4.085587,0.422379,-0.00005269,0.78643,0.092021,0.34673,4.177608
0.8670,4.086005,0.411931,-0.00005265,0.78729,0.092021,0.34615,4.178025
0.8680,4.086411,0.401575,-0.00005261,0.78815,0.092021,0.34558,4.178432
0.8690,4.086808,0.391323,-0.00005257,0.78900,0.092021,0.34501,4.178829
0.8700,4.087194,0.381187,-0.00005253,0.78986,0.092021,0.34444,4.179215
0.8710,4.087570,0.371180,-0.00005250,0.79072,0.092021,0.34386,4.179591
0.8720,4.087936,0.361315,-0.00005246,0.79158,0.092021,0.34329,4.179957
0.8730,4.088293,0.351605,-0.00005242,0.79244,0.092021,0.34272,4.180313
0.8740,4.088640,0.342063,-0.00005238,0.79329,0.092021,0.34215,4.180660
0.8750,4.088977,0.332703,-0.00005234,0.79415,0.092021,0.34157,4.180998
0.8760,4.089305,0.323538,-0.00005231,0.79501,0.092021,0.34100,4.181326
0.8770,4.089624,0.314581,-0.00005227,0.79587,0.092021,0.34043,4.181645
0.8780,4.089934,0.305846,-0.00005223,0.79673,0.092020,0.33986,4.181955
0.8790,4.090236,0.297346,-0.00005220,0.79758,0.092020,0.33928,4.182256
0.8800,4.090529,0.289094,-0.00005216,0.79844,0.092020,0.33871,4.182550
0.8810,4.090814,0.281105,-0.00005212,0.79930,0.092020,0.33814,4.182835
0.8820,4.091091,0.273391,-0.00005209,0.80016,0.092020,0.33757,4.183112
0.8830,4.091361,0.265965,-0.00005205,0.80102,0.092020,0.33699,4.183381
0.8840,4.091623,0.258842,-0.00005202,0.80187,0.092020,0.33642,4.183644
0.8850,4.091879,0.252035,-0.00005198,0.80273,0.092020,0.33585,4.183899
0.8860,4.092128,0.245555,-0.00005195,0.80359,0.092020,0.33527,4.184148
0.8870,4.092370,0.239417,-0.00005192,0.80445,0.092020,0.33470,4.184390
0.8880,4.092607,0.233633,-0.00005188,0.80531,0.092020,0.33413,4.184627
0.8890,4.092837,0.228215,-0.00005185,0.80616,0.092020,0.33356,4.184858
0.8900,4.093063,0.223175,-0.00005182,0.80702,0.092020,0.33298,4.185083
0.8910,4.093284,0.218527,-0.00005178,0.80788,0.092020,0.33241,4.185304
0.8920,4.093500,0.214281,-0.00005175,0.80874,0.092020,0.33184,4.185521
0.8930,4.093713,0.210449,-0.00005172,0.80960,0.092020,0.33127,4.185733
0.8940,4.093921,0.207043,-0.00005169,0.81045,0.092020,0.33069,4.185942
0.8950,4.094127,0.204072,-0.00005165,0.81131,0.092020,0.33012,4.186147
0.8960,4.094330,0.201548,-0.00005162,0.81217,0.092020,0.32955,4.186350
0.8970,4.094530,0.199480,-0.00005159,0.81303,0.092020,0.32898,4.186550
0.8980,4.094729,0.197879,-0.00005156,0.81389,0.092020,0.32840,4.186749
0.8990,4.094926,0.196753,-0.00005153,0.81474,0.092020,0.32783,4.186946
0.9000,4.095122,0.196112,-0.00005150,0.81560,0.092020,0.32726,4.187143
0.9010,4.095318,0.195963,-0.00005147,0.81646,0.092020,0.32669,4.187339
0.9020,4.095515,0.196314,-0.00005144,0.81732,0.092020,0.32611,4.187535
0.9030,4.095711,0.197173,-0.00005141,0.81818,0.092020,0.32554,4.187731
0.9040,4.095909,0.198547,-0.00005138,0.81903,0.092020,0.32497,4.187929
0.9050,4.096109,0.200442,-0.00005135,0.81989,0.092020,0.32440,4.188129
0.9060,4.096310,0.202863,-0.00005133,0.82075,0.092020,0.32382,4.188330
0.9070,4.096514,0.205815,-0.00005130,0.82161,0.092020,0.32325,4.188535
0.9080,4.096722,0.209304,-0.00005127,0.82247,0.092020,0.32268,4.188742
0.9090,4.096933,0.213332,-0.00005124,0.82332,0.092020,0.32211,4.188953
0.9100,4.097149,0.217903,-0.00005122,0.82418,0.092020,0.32153,4.189169
0.9110,4.097369,0.223020,-0.00005119,0.82504,0.092020,0.32096,4.189389
0.9120,4.097595,0.228685,-0.00005116,0.82590,0.092020,0.32039,4.189615
0.9130,4.097827,0.234899,-0.00005114,0.82676,0.092020,0.31981,4.189847
0.9140,4.098065,0.241662,-0.00005111,0.82761,0.092020,0.31924,4.190085
0.9150,4.098310,0.248974,-0.00005108,0.82847,0.092020,0.31867,4.190330
0.9160,4.098563,0.256835,-0.00005106,0.82933,0.092020,0.31810,4.190583
0.9170,4.098824,0.265244,-0.00005103,0.83019,0.092020,0.31752,4.190844
0.9180,4.099094,0.274198,-0.00005101,0.83105,0.092020,0.31695,4.191114
0.9190,4.099373,0.283694,-0.00005098,0.83190,0.092020,0.31638,4.191393
0.9200,4.099661,0.293729,-0.00005096,0.83276,0.092020,0.31581,4.191681
0.9210,4.099960,0.304298,-0.00005094,0.83362,0.092020,0.31523,4.191980
0.9220,4.100270,0.315398,-0.00005091,0.83448,0.092020,0.31466,4.192290
0.9230,4.100591,0.327021,-0.00005089,0.83534,0.092020,0.31409,4.192611
0.9240,4.100924,0.339163,-0.00005087,0.83619,0.092020,0.31352,4.192944
0.9250,4.101270,0.351815,-0.00005084,0.83705,0.092020,0.31294,4.193290
0.9260,4.101628,0.364972,-0.00005082,0.83791,0.092020,0.31237,4.193648
0.9270,4.102000,0.378623,-0.00005080,0.83877,0.092020,0.31180,4.194020
0.9280,4.102386,0.392761,-0.00005078,0.83963,0.092020,0.31123,4.194406
0.9290,4.102786,0.407375,-0.00005076,0.84048,0.092020,0.31065,4.194806
0.9300,4.103200,0.422456,-0.00005074,0.84134,0.092020,0.31008,4.195220
0.9310,4.103631,0.437993,-0.00005071,0.84220,0.092020,0.30951,4.195651
0.9320,4.104077,0.453975,-0.00005069,0.84306,0.092020,0.30894,4.196097
0.9330,4.104539,0.470390,-0.00005067,0.84392,0.092020,0.30836,4.196559
0.9340,4.105018,0.487225,-0.00005065,0.84477,0.092020,0.30779,4.197038
0.9350,4.105513,0.504467,-0.00005063,0.84563,0.092020,0.30722,4.197533
0.9360,4.106027,0.522103,-0.00005061,0.84649,0.092020,0.30665,4.198047
0.9370,4.106558,0.540119,-0.00005060,0.84735,0.092020,0.30607,4.198578
0.9380,4.107107,0.558500,-0.00005058,0.84820,0.092020,0.30550,4.199127
0.9390,4.107675,0.577232,-0.00005056,0.84906,0.092020,0.30493,4.199695
0.9400,4.108262,0.596299,-0.00005054,0.84992,0.092020,0.30436,4.200282
0.9410,4.108867,0.615685,-0.00005052,0.85078,0.092020,0.30378,4.200887
0.9420,4.109493,0.635375,-0.00005050,0.85164,0.092020,0.30321,4.201513
0.9430,4.110138,0.655352,-0.00005049,0.85249,0.092020,0.30264,4.202158
0.9440,4.110804,0.675600,-0.00005047,0.85335,0.092020,0.30206,4.202824
0.9450,4.111490,0.696100,-0.00005045,0.85421,0.092020,0.30149,4.203510
0.9460,4.112196,0.716837,-0.00005044,0.85507,0.092020,0.30092,4.204216
0.9470,4.112923,0.737792,-0.00005042,0.85593,0.092020,0.30035,4.204943
0.9480,4.113672,0.758948,-0.00005041,0.85678,0.092020,0.29977,4.205692
0.9490,4.114441,0.780287,-0.00005039,0.85764,0.092020,0.29920,4.206461
0.9500,4.115232,0.801790,-0.00005038,0.85850,0.092020,0.29863,4.207252
0.9510,4.116045,0.823441,-0.00005036,0.85936,0.092020,0.29806,4.208065
0.9520,4.116879,0.845220,-0.00005035,0.86022,0.092020,0.29748,4.208899
0.9530,4.117735,0.867109,-0.00005033,0.86107,0.092020,0.29691,4.209755
0.9540,4.118614,0.889091,-0.00005032,0.86193,0.092020,0.29634,4.210634
0.9550,4.119514,0.911145,-0.00005030,0.86279,0.092020,0.29577,4.211534
0.9560,4.120436,0.933255,-0.00005029,0.86365,0.092020,0.29519,4.212456
0.9570,4.121380,0.955403,-0.00005028,0.86451,0.092020,0.29462,4.213400
0.9580,4.122347,0.977569,-0.00005026,0.86536,0.092020,0.29405,4.214367
0.9590,4.123335,0.999736,-0.00005025,0.86622,0.092020,0.29348,4.215355
0.9600,4.124346,1.021885,-0.00005024,0.86708,0.092020,0.29290,4.216366
0.9610,4.125379,1.044000,-0.00005023,0.86794,0.092020,0.29233,4.217399
0.9620,4.126434,1.066063,-0.00005022,0.86880,0.092020,0.29176,4.218454
0.9630,4.127511,1.088055,-0.00005021,0.86965,0.092020,0.29119,4.219531
0.9640,4.128610,1.109961,-0.00005019,0.87051,0.092020,0.29061,4.220630
0.9650,4.129731,1.131763,-0.00005018,0.87137,0.092020,0.29004,4.221751
0.9660,4.130874,1.153444,-0.00005017,0.87223,0.092020,0.28947,4.222894
0.9670,4.132038,1.174988,-0.00005016,0.87309,0.092020,0.28890,4.224058
0.9680,4.133224,1.196380,-0.00005015,0.87394,0.092020,0.28832,4.225244
0.9690,4.134431,1.217603,-0.00005014,0.87480,0.092020,0.28775,4.226451
0.9700,4.135659,1.238642,-0.00005014,0.87566,0.092020,0.28718,4.227679
0.9710,4.136908,1.259483,-0.00005013,0.87652,0.092020,0.28660,4.228928
0.9720,4.138178,1.280110,-0.00005012,0.87738,0.092020,0.28603,4.230198
0.9730,4.139468,1.300509,-0.00005011,0.87823,0.092020,0.28546,4.231488
0.9740,4.140779,1.320667,-0.00005010,0.87909,0.092020,0.28489,4.232799
0.9750,4.142109,1.340571,-0.00005009,0.87995,0.092020,0.28431,4.234129
0.9760,4.143460,1.360207,-0.00005009,0.88081,0.092020,0.28374,4.235480
0.9770,4.144830,1.379563,-0.00005008,0.88167,0.092020,0.28317,4.236850
0.9780,4.146219,1.398626,-0.00005007,0.88252,0.092020,0.28260,4.238239
0.9790,4.147627,1.417387,-0.00005007,0.88338,0.092020,0.28202,4.239647
0.9800,4.149053,1.435833,-0.00005006,0.88424,0.092020,0.28145,4.241073
0.9810,4.150498,1.453953,-0.00005005,0.88510,0.092020,0.28088,4.242518
0.9820,4.151961,1.471738,-0.00005005,0.88596,0.092020,0.28031,4.243981
0.9830,4.153442,1.489179,-0.00005004,0.88681,0.092020,0.27973,4.245462
0.9840,4.154939,1.506265,-0.00005004,0.88767,0.092020,0.27916,4.246959
0.9850,4.156454,1.522989,-0.00005003,0.88853,0.092020,0.27859,4.248474
0.9860,4.157985,1.539342,-0.00005003,0.88939,0.092020,0.27802,4.250005
0.9870,4.159533,1.555317,-0.00005003,0.89025,0.092020,0.27744,4.251553
0.9880,4.161096,1.570907,-0.00005002,0.89110,0.092020,0.27687,4.253116
0.9890,4.162674,1.586105,-0.00005002,0.89196,0.092020,0.27630,4.254694
0.9900,4.164268,1.600904,-0.00005002,0.89282,0.092020,0.27573,4.256288
0.9910,4.165876,1.615300,-0.00005001,0.89368,0.092020,0.27515,4.257896
0.9920,4.167498,1.629287,-0.00005001,0.89454,0.092020,0.27458,4.259518
0.9930,4.169134,1.642860,-0.00005001,0.89539,0.092020,0.27401,4.261154
0.9940,4.170784,1.656016,-0.00005001,0.89625,0.092020,0.27344,4.262804
0.9950,4.172446,1.668750,-0.00005000,0.89711,0.092020,0.27286,4.264466
0.9960,4.174121,1.681060,-0.00005000,0.89797,0.092020,0.27229,4.266141
0.9970,4.175808,1.692943,-0.00005000,0.89883,0.092020,0.27172,4.267828
0.9980,4.177507,1.704396,-0.00005000,0.89968,0.092020,0.27115,4.269527
0.9990,4.179217,1.715417,-0.00005000,0.90054,0.092020,0.27057,4.271237
1.0000,4.180938,1.726006,-0.00005000,0.90140,0.092020,0.27000,4.272958
